,timestamp,Portfolio_Value,Budget,Active_Positions,Peak,Drawdown
0,2025-02-27 19:15:00,1000.0,1000.0,0,1000.0,0.0
1,2025-02-27 19:30:00,1000.0,1000.0,0,1000.0,0.0
2,2025-02-27 19:45:00,1000.0,1000.0,0,1000.0,0.0
3,2025-02-27 20:00:00,1000.0,1000.0,0,1000.0,0.0
4,2025-02-27 20:15:00,1000.0,1000.0,0,1000.0,0.0
5,2025-02-27 20:30:00,1000.0,1000.0,0,1000.0,0.0
6,2025-02-27 20:45:00,1000.0,1000.0,0,1000.0,0.0
7,2025-02-27 21:00:00,1000.0,1000.0,0,1000.0,0.0
8,2025-02-27 21:15:00,1000.0,1000.0,0,1000.0,0.0
9,2025-02-27 21:30:00,1000.0,1000.0,0,1000.0,0.0
10,2025-02-27 21:45:00,1000.0,1000.0,0,1000.0,0.0
11,2025-02-27 22:00:00,1000.0,1000.0,0,1000.0,0.0
12,2025-02-27 22:15:00,1000.0,1000.0,0,1000.0,0.0
13,2025-02-27 22:30:00,1000.0,1000.0,0,1000.0,0.0
14,2025-02-27 22:45:00,1000.0,1000.0,0,1000.0,0.0
15,2025-02-27 23:00:00,1000.0,1000.0,0,1000.0,0.0
16,2025-02-27 23:15:00,1000.0,1000.0,0,1000.0,0.0
17,2025-02-27 23:30:00,1000.0,1000.0,0,1000.0,0.0
18,2025-02-27 23:45:00,1000.0,1000.0,0,1000.0,0.0
19,2025-02-28 00:00:00,1000.0,1000.0,0,1000.0,0.0
20,2025-02-28 00:15:00,1000.0,1000.0,0,1000.0,0.0
21,2025-02-28 00:30:00,1000.0,1000.0,0,1000.0,0.0
22,2025-02-28 00:45:00,1000.0,1000.0,0,1000.0,0.0
23,2025-02-28 01:00:00,1000.0,1000.0,0,1000.0,0.0
24,2025-02-28 01:15:00,1000.0,1000.0,0,1000.0,0.0
25,2025-02-28 01:30:00,1000.0,1000.0,0,1000.0,0.0
26,2025-02-28 01:45:00,1000.0,1000.0,0,1000.0,0.0
27,2025-02-28 02:00:00,1000.0,1000.0,0,1000.0,0.0
28,2025-02-28 02:15:00,1000.0,1000.0,0,1000.0,0.0
29,2025-02-28 02:30:00,1000.0,1000.0,0,1000.0,0.0
30,2025-02-28 02:45:00,1000.0,1000.0,0,1000.0,0.0
31,2025-02-28 03:00:00,1000.0,1000.0,0,1000.0,0.0
32,2025-02-28 03:15:00,1000.0,1000.0,0,1000.0,0.0
33,2025-02-28 03:30:00,1000.0,1000.0,0,1000.0,0.0
34,2025-02-28 03:45:00,1000.0,1000.0,0,1000.0,0.0
35,2025-02-28 04:00:00,1000.0,1000.0,0,1000.0,0.0
36,2025-02-28 04:15:00,1000.0,1000.0,0,1000.0,0.0
37,2025-02-28 04:30:00,1000.0,1000.0,0,1000.0,0.0
38,2025-02-28 04:45:00,1000.0,1000.0,0,1000.0,0.0
39,2025-02-28 05:00:00,1000.0,1000.0,0,1000.0,0.0
40,2025-02-28 05:15:00,1000.0,1000.0,0,1000.0,0.0
41,2025-02-28 05:30:00,1000.0,1000.0,0,1000.0,0.0
42,2025-02-28 05:45:00,1000.0,1000.0,0,1000.0,0.0
43,2025-02-28 06:00:00,1000.0,1000.0,0,1000.0,0.0
44,2025-02-28 06:15:00,1000.0,1000.0,0,1000.0,0.0
45,2025-02-28 06:30:00,1000.0,1000.0,0,1000.0,0.0
46,2025-02-28 06:45:00,1000.0,1000.0,0,1000.0,0.0
47,2025-02-28 07:00:00,1000.0,1000.0,0,1000.0,0.0
48,2025-02-28 07:15:00,998.7562189054727,750.0,1,1000.0,-0.12437810945272743
49,2025-02-28 07:30:00,999.9799922766302,750.0,1,1000.0,-0.002000772336974155
50,2025-02-28 07:45:00,998.2511695776933,750.0,1,1000.0,-0.17488304223066686
51,2025-02-28 08:00:00,998.6785190088913,750.0,1,1000.0,-0.13214809911087366
52,2025-02-28 08:15:00,999.1835683366705,750.0,1,1000.0,-0.08164316633294533
53,2025-02-28 08:30:00,998.775643879618,750.0,1,1000.0,-0.12243561203820752
54,2025-02-28 08:45:00,1002.3304141482188,750.0,1,1002.3304141482188,0.0
55,2025-02-28 09:00:00,1001.4368653375323,750.0,1,1002.3304141482188,-0.08914713133252317
56,2025-02-28 09:15:00,1004.4283113559176,750.0,1,1004.4283113559176,0.0
57,2025-02-28 09:30:00,1004.933360683697,562.5,2,1004.933360683697,0.0
58,2025-02-28 09:45:00,1003.5241892183162,1003.5241892183162,0,1004.933360683697,-0.140225364239277
59,2025-02-28 10:00:00,1003.5241892183162,752.6431419137372,1,1004.933360683697,-0.140225364239277
60,2025-02-28 10:15:00,1003.5053504225355,752.6431419137372,1,1004.933360683697,-0.14209999558477682
61,2025-02-28 10:30:00,1005.0766943786042,1005.0766943786042,0,1005.0766943786042,0.0
62,2025-02-28 10:45:00,1005.0766943786042,1005.0766943786042,0,1005.0766943786042,0.0
63,2025-02-28 11:00:00,1005.0766943786042,1005.0766943786042,0,1005.0766943786042,0.0
64,2025-02-28 11:15:00,1005.0766943786042,1005.0766943786042,0,1005.0766943786042,0.0
65,2025-02-28 11:30:00,1005.0766943786042,1005.0766943786042,0,1005.0766943786042,0.0
66,2025-02-28 11:45:00,1005.0766943786042,1005.0766943786042,0,1005.0766943786042,0.0
67,2025-02-28 12:00:00,1005.0766943786041,753.8075207839531,1,1005.0766943786042,-1.1102230246251565e-14
68,2025-02-28 12:15:00,1005.7493411774482,565.3556405879649,2,1005.7493411774482,0.0
69,2025-02-28 12:30:00,1006.2076439395917,565.3556405879649,2,1006.2076439395917,0.0
70,2025-02-28 12:45:00,1006.5677389669902,565.3556405879649,2,1006.5677389669902,0.0
71,2025-02-28 13:00:00,1005.5856616195397,565.3556405879649,2,1006.5677389669902,-0.09756694054772197
72,2025-02-28 13:15:00,1002.5480823826517,751.9110617869887,1,1006.5677389669902,-0.39934287864855644
73,2025-02-28 13:30:00,999.2312349876465,563.9332963402416,2,1006.5677389669902,-0.7288634132932681
74,2025-02-28 13:45:00,999.9366811264173,422.94997225518114,3,1006.5677389669902,-0.6587790949249106
75,2025-02-28 14:00:00,997.5298807948978,502.6346137202816,3,1006.5677389669902,-0.8978887184848183
76,2025-02-28 14:15:00,997.026028728543,502.6346137202816,3,1006.5677389669902,-0.9479451674300199
77,2025-02-28 14:30:00,992.7853699425764,744.5890274569323,1,1006.5677389669902,-1.3692440648414017
78,2025-02-28 14:45:00,989.8128448209814,744.5890274569323,1,1006.5677389669902,-1.6645570384764996
79,2025-02-28 15:00:00,988.3611465057837,744.5890274569323,1,1006.5677389669902,-1.8087796535076084
80,2025-02-28 15:15:00,990.4177191189804,744.5890274569323,1,1006.5677389669902,-1.6044642822135469
81,2025-02-28 15:30:00,989.3289453825821,744.5890274569323,1,1006.5677389669902,-1.712631243486873
82,2025-02-28 15:45:00,986.0453420505876,744.5890274569323,1,1006.5677389669902,-2.0388490632000655
83,2025-02-28 16:00:00,988.4129928741837,744.5890274569323,1,1006.5677389669902,-1.8036288458279204
84,2025-02-28 16:15:00,988.6203783477833,744.5890274569323,1,1006.5677389669902,-1.7830256151091906
85,2025-02-28 16:30:00,989.9511018033811,744.5890274569323,1,1006.5677389669902,-1.6508215513306834
86,2025-02-28 16:45:00,989.8819733121812,744.5890274569323,1,1006.5677389669902,-1.657689294903597
87,2025-02-28 17:00:00,987.0131409273861,744.5890274569323,1,1006.5677389669902,-1.94270065317933
88,2025-02-28 17:15:00,988.7586353301831,744.5890274569323,1,1006.5677389669902,-1.7692901279633744
89,2025-02-28 17:30:00,987.5661688569851,744.5890274569323,1,1006.5677389669902,-1.8877587045960653
90,2025-02-28 17:45:00,987.7389900849848,744.5890274569323,1,1006.5677389669902,-1.8705893456637868
91,2025-02-28 18:00:00,990.5732582241801,744.5890274569323,1,1006.5677389669902,-1.589011859174494
92,2025-02-28 18:15:00,990.5386939785801,744.5890274569323,1,1006.5677389669902,-1.5924457309609563
93,2025-02-28 18:30:00,987.9290934357845,744.5890274569323,1,1006.5677389669902,-1.8517030508382826
94,2025-02-28 18:45:00,989.2079705229824,744.5890274569323,1,1006.5677389669902,-1.7246497947394634
95,2025-02-28 19:00:00,986.8230375765863,744.5890274569323,1,1006.5677389669902,-1.9615869480048342
96,2025-02-28 19:15:00,987.2550906465856,744.5890274569323,1,1006.5677389669902,-1.918663550674149
97,2025-02-28 19:30:00,987.2378085237856,744.5890274569323,1,1006.5677389669902,-1.9203804865673857
98,2025-02-28 19:45:00,986.2354454013873,744.5890274569323,1,1006.5677389669902,-2.0199627683745613
99,2025-02-28 20:00:00,986.1490347873874,744.5890274569323,1,1006.5677389669902,-2.0285474478407006
100,2025-02-28 20:15:00,986.8403196993863,744.5890274569323,1,1006.5677389669902,-1.9598700121116086
101,2025-02-28 20:30:00,987.3415012605855,744.5890274569323,1,1006.5677389669902,-1.9100788712080208
102,2025-02-28 20:45:00,989.2079705229824,744.5890274569323,1,1006.5677389669902,-1.7246497947394634
103,2025-02-28 21:00:00,988.8968923125828,744.5890274569323,1,1006.5677389669902,-1.7555546408175582
104,2025-02-28 21:15:00,987.9809398041843,744.5890274569323,1,1006.5677389669902,-1.8465522431586057
105,2025-02-28 21:30:00,985.9416493137878,744.5890274569323,1,1006.5677389669902,-2.0491506785594304
106,2025-02-28 21:45:00,987.0995515413858,744.5890274569323,1,1006.5677389669902,-1.9341159737132019
107,2025-02-28 22:00:00,985.8379565769881,744.5890274569323,1,1006.5677389669902,-2.0594522939187843
108,2025-02-28 22:15:00,984.7491828405898,744.5890274569323,1,1006.5677389669902,-2.1676192551921103
109,2025-02-28 22:30:00,984.6454901037899,558.4417705926992,2,1006.5677389669902,-2.1779208705514863
110,2025-02-28 22:45:00,987.7478237423609,418.8313279445244,3,1006.5677389669902,-1.8697117437862287
111,2025-02-28 23:00:00,987.1188971184109,314.1234959583933,4,1006.5677389669902,-1.932194038777657
112,2025-02-28 23:15:00,987.7686161175279,314.1234959583933,4,1006.5677389669902,-1.8676460730556732
113,2025-02-28 23:30:00,986.9796716186002,314.1234959583933,4,1006.5677389669902,-1.946025745718083
114,2025-02-28 23:45:00,984.3285106263387,313.88800502569086,4,1006.5677389669902,-2.209411992825727
115,2025-03-01 00:00:00,981.9098290703413,339.3808723572579,4,1006.5677389669902,-2.4497019864708314
116,2025-03-01 00:15:00,980.8149314568896,332.688144118599,4,1006.5677389669902,-2.558477339690024
117,2025-03-01 00:30:00,985.6173068903886,332.688144118599,4,1006.5677389669902,-2.081373291190758
118,2025-03-01 00:45:00,985.1684867564167,332.688144118599,4,1006.5677389669902,-2.125962454601904
119,2025-03-01 01:00:00,988.1756972973881,558.4818524429052,2,1006.5677389669902,-1.8272035708672085
120,2025-03-01 01:15:00,989.3624127318114,746.4198355773585,1,1006.5677389669902,-1.7093063456251834
121,2025-03-01 01:30:00,987.9452786622138,746.4198355773585,1,1006.5677389669902,-1.8500950888698298
122,2025-03-01 01:45:00,986.7528121890158,746.4198355773585,1,1006.5677389669902,-1.9685636655025207
123,2025-03-01 02:00:00,985.5949099614177,746.4198355773585,1,1006.5677389669902,-2.0835983703487604
124,2025-03-01 02:15:00,982.440836139809,982.440836139809,0,1006.5677389669902,-2.3969477555422003
125,2025-03-01 02:30:00,982.440836139809,982.440836139809,0,1006.5677389669902,-2.3969477555422003
126,2025-03-01 02:45:00,982.440836139809,982.440836139809,0,1006.5677389669902,-2.3969477555422003
127,2025-03-01 03:00:00,982.440836139809,982.440836139809,0,1006.5677389669902,-2.3969477555422003
128,2025-03-01 03:15:00,982.440836139809,982.440836139809,0,1006.5677389669902,-2.3969477555422003
129,2025-03-01 03:30:00,982.440836139809,982.440836139809,0,1006.5677389669902,-2.3969477555422003
130,2025-03-01 03:45:00,982.440836139809,982.440836139809,0,1006.5677389669902,-2.3969477555422003
131,2025-03-01 04:00:00,982.440836139809,982.440836139809,0,1006.5677389669902,-2.3969477555422003
132,2025-03-01 04:15:00,982.440836139809,982.440836139809,0,1006.5677389669902,-2.3969477555422003
133,2025-03-01 04:30:00,982.440836139809,982.440836139809,0,1006.5677389669902,-2.3969477555422003
134,2025-03-01 04:45:00,981.2188948013268,736.8306271048568,1,1006.5677389669902,-2.5183445866920118
135,2025-03-01 05:00:00,978.4959799087262,734.7858977396786,1,1006.5677389669902,-2.788859405237165
136,2025-03-01 05:15:00,979.5798027974091,734.7858977396786,1,1006.5677389669902,-2.681184298364059
137,2025-03-01 05:30:00,978.21251853784,734.7858977396786,1,1006.5677389669902,-2.8170205870347353
138,2025-03-01 05:45:00,976.3649339966015,976.3649339966015,0,1006.5677389669902,-3.0005735134512546
139,2025-03-01 06:00:00,975.1505497503371,732.2737004974512,1,1006.5677389669902,-3.121219566295219
140,2025-03-01 06:15:00,974.5810454141579,732.2737004974512,1,1006.5677389669902,-3.1777984048703245
141,2025-03-01 06:30:00,973.1528457899133,973.1528457899133,0,1006.5677389669902,-3.3196864834322604
142,2025-03-01 06:45:00,973.1528457899133,973.1528457899133,0,1006.5677389669902,-3.3196864834322604
143,2025-03-01 07:00:00,973.1528457899133,973.1528457899133,0,1006.5677389669902,-3.3196864834322604
144,2025-03-01 07:15:00,973.1528457899133,973.1528457899133,0,1006.5677389669902,-3.3196864834322604
145,2025-03-01 07:30:00,973.1528457899133,973.1528457899133,0,1006.5677389669902,-3.3196864834322604
146,2025-03-01 07:45:00,973.1528457899133,973.1528457899133,0,1006.5677389669902,-3.3196864834322604
147,2025-03-01 08:00:00,973.1528457899133,973.1528457899133,0,1006.5677389669902,-3.3196864834322604
148,2025-03-01 08:15:00,973.1528457899133,973.1528457899133,0,1006.5677389669902,-3.3196864834322604
149,2025-03-01 08:30:00,973.1528457899133,973.1528457899133,0,1006.5677389669902,-3.3196864834322604
150,2025-03-01 08:45:00,973.1528457899133,973.1528457899133,0,1006.5677389669902,-3.3196864834322604
151,2025-03-01 09:00:00,973.1528457899133,973.1528457899133,0,1006.5677389669902,-3.3196864834322604
152,2025-03-01 09:15:00,973.1528457899133,973.1528457899133,0,1006.5677389669902,-3.3196864834322604
153,2025-03-01 09:30:00,973.1528457899133,973.1528457899133,0,1006.5677389669902,-3.3196864834322604
154,2025-03-01 09:45:00,973.1528457899133,973.1528457899133,0,1006.5677389669902,-3.3196864834322604
155,2025-03-01 10:00:00,973.1528457899133,973.1528457899133,0,1006.5677389669902,-3.3196864834322604
156,2025-03-01 10:15:00,973.1528457899133,973.1528457899133,0,1006.5677389669902,-3.3196864834322604
157,2025-03-01 10:30:00,973.1528457899133,973.1528457899133,0,1006.5677389669902,-3.3196864834322604
158,2025-03-01 10:45:00,973.1528457899133,973.1528457899133,0,1006.5677389669902,-3.3196864834322604
159,2025-03-01 11:00:00,971.9424566782343,729.864634342435,1,1006.5677389669902,-3.439935629597146
160,2025-03-01 11:15:00,970.8971108577796,547.3984757568262,2,1006.5677389669902,-3.5437881354928313
161,2025-03-01 11:30:00,965.3530375642289,724.9164155058904,1,1006.5677389669902,-4.094578020656481
162,2025-03-01 11:45:00,966.385840923586,724.9164155058904,1,1006.5677389669902,-3.9919715770586506
163,2025-03-01 12:00:00,966.0522454385136,543.6873116294178,2,1006.5677389669902,-4.025113458340757
164,2025-03-01 12:15:00,964.9408378180785,543.6873116294178,2,1006.5677389669902,-4.135529039668217
165,2025-03-01 12:30:00,964.9408378180785,543.6873116294178,2,1006.5677389669902,-4.135529039668217
166,2025-03-01 12:45:00,965.5415986939894,543.6873116294178,2,1006.5677389669902,-4.075844941653372
167,2025-03-01 13:00:00,966.1423595699001,543.6873116294178,2,1006.5677389669902,-4.016160843638539
168,2025-03-01 13:15:00,967.524109584495,543.6873116294178,2,1006.5677389669902,-3.878887418204413
169,2025-03-01 13:30:00,964.6551043878816,407.7654837220633,3,1006.5677389669902,-4.1639159449042396
170,2025-03-01 13:45:00,961.5566099447663,586.566046904271,2,1006.5677389669902,-4.471743657154903
171,2025-03-01 14:00:00,958.5814322102754,540.0678463525179,2,1006.5677389669902,-4.76732016128013
172,2025-03-01 14:15:00,958.5416744881718,405.05088476438846,3,1006.5677389669902,-4.771269992033133
173,2025-03-01 14:30:00,961.0452586174508,405.05088476438846,3,1006.5677389669902,-4.522545139014456
174,2025-03-01 14:45:00,961.2439557705682,405.05088476438846,3,1006.5677389669902,-4.5028050713145635
175,2025-03-01 15:00:00,961.6799513451631,584.8201437970656,2,1006.5677389669902,-4.459489995963317
176,2025-03-01 15:15:00,961.787387681147,584.8201437970656,2,1006.5677389669902,-4.448816463341043
177,2025-03-01 15:30:00,960.5518698173303,584.8201437970656,2,1006.5677389669902,-4.57156208849735
178,2025-03-01 15:45:00,960.6861652373104,584.8201437970656,2,1006.5677389669902,-4.558220172719485
179,2025-03-01 16:00:00,960.5250107333344,584.8201437970656,2,1006.5677389669902,-4.574230471652907
180,2025-03-01 16:15:00,961.9216831011272,584.8201437970656,2,1006.5677389669902,-4.435474547563178
181,2025-03-01 16:30:00,962.0296860683342,719.8372982990886,1,1006.5677389669902,-4.424744721538964
182,2025-03-01 16:45:00,961.8575521751079,719.8372982990886,1,1006.5677389669902,-4.441845795471943
183,2025-03-01 17:00:00,961.0485228769448,719.8372982990886,1,1006.5677389669902,-4.522220842956914
184,2025-03-01 17:15:00,961.0657362662675,719.8372982990886,1,1006.5677389669902,-4.52051073556361
185,2025-03-01 17:30:00,959.8263722350389,719.8372982990886,1,1006.5677389669902,-4.643638467881017
186,2025-03-01 17:45:00,959.7058785097806,719.8372982990886,1,1006.5677389669902,-4.655609219634083
187,2025-03-01 18:00:00,961.1690166022032,719.8372982990886,1,1006.5677389669902,-4.510250091203827
188,2025-03-01 18:15:00,961.0140960982997,719.8372982990886,1,1006.5677389669902,-4.525641057743501
189,2025-03-01 18:30:00,960.8591755943961,719.8372982990886,1,1006.5677389669902,-4.541032024283176
190,2025-03-01 18:45:00,961.3927906633972,719.8372982990886,1,1006.5677389669902,-4.488018695090967
191,2025-03-01 19:00:00,961.7886986178175,719.8372982990886,1,1006.5677389669902,-4.448686225045129
192,2025-03-01 19:15:00,961.7026316712044,719.8372982990886,1,1006.5677389669902,-4.457236762011618
193,2025-03-01 19:30:00,962.0124726790116,719.8372982990886,1,1006.5677389669902,-4.426454828932258
194,2025-03-01 19:45:00,962.5116609693674,719.8372982990886,1,1006.5677389669902,-4.3768617145266475
195,2025-03-01 20:00:00,961.7714852284948,719.8372982990886,1,1006.5677389669902,-4.450396332438434
196,2025-03-01 20:15:00,961.7026316712044,719.8372982990886,1,1006.5677389669902,-4.457236762011618
197,2025-03-01 20:30:00,960.635401533202,719.8372982990886,1,1006.5677389669902,-4.563263420396046
198,2025-03-01 20:45:00,961.2895103274616,719.8372982990886,1,1006.5677389669902,-4.49827933945074
199,2025-03-01 21:00:00,960.9796693196545,719.8372982990886,1,1006.5677389669902,-4.529061272530088
200,2025-03-01 21:15:00,961.5993513352687,719.8372982990886,1,1006.5677389669902,-4.467497406371401
201,2025-03-01 21:30:00,961.5132843886556,719.8372982990886,1,1006.5677389669902,-4.47604794333788
202,2025-03-01 21:45:00,962.2706735188508,719.8372982990886,1,1006.5677389669902,-4.400803218032811
203,2025-03-01 22:00:00,962.3395270761413,719.8372982990886,1,1006.5677389669902,-4.393962788459616
204,2025-03-01 22:15:00,962.5999656565925,962.5999656565925,0,1006.5677389669902,-4.368088863599029
205,2025-03-01 22:30:00,962.5999656565925,721.9499742424443,1,1006.5677389669902,-4.368088863599029
206,2025-03-01 22:45:00,963.4049051434763,541.4624806818333,2,1006.5677389669902,-4.288120128687078
207,2025-03-01 23:00:00,963.9045211001932,406.096860511375,3,1006.5677389669902,-4.238484526692754
208,2025-03-01 23:15:00,962.9328912325684,406.096860511375,3,1006.5677389669902,-4.3350135361185815
209,2025-03-01 23:30:00,965.1870725254577,406.096860511375,3,1006.5677389669902,-4.111066234250682
210,2025-03-01 23:45:00,962.8551608431584,406.096860511375,3,1006.5677389669902,-4.342735856872649
211,2025-03-02 00:00:00,960.7994005738233,405.5754543129556,3,1006.5677389669902,-4.54697052382561
212,2025-03-02 00:15:00,958.8893100436408,719.1669825327306,1,1006.5677389669902,-4.7367332646961575
213,2025-03-02 00:30:00,958.3748798187503,539.3752368995479,2,1006.5677389669902,-4.78784062736789
214,2025-03-02 00:45:00,961.4793384406462,404.5314276746609,3,1006.5677389669902,-4.479420388797362
215,2025-03-02 01:00:00,956.408317668878,538.3661246050267,2,1006.5677389669902,-4.983213683123733
216,2025-03-02 01:15:00,955.9583976312434,776.7876074278994,1,1006.5677389669902,-5.027912119226629
217,2025-03-02 01:30:00,955.4934883009232,716.6201162256924,1,1006.5677389669902,-5.074099704256662
218,2025-03-02 01:45:00,955.4934883009232,537.4650871692693,2,1006.5677389669902,-5.074099704256662
219,2025-03-02 02:00:00,958.5903072066852,403.09881537695196,3,1006.5677389669902,-4.766438452472432
220,2025-03-02 02:15:00,956.8061821736746,403.09881537695196,3,1006.5677389669902,-4.9436868346669165
221,2025-03-02 02:30:00,956.730261959504,403.09881537695196,3,1006.5677389669902,-4.951229319015615
222,2025-03-02 02:45:00,959.2294026187539,644.0141216957597,2,1006.5677389669902,-4.702945913686662
223,2025-03-02 03:00:00,959.914858646488,824.7500030697909,1,1006.5677389669902,-4.6348475631039605
224,2025-03-02 03:15:00,960.0170030840251,824.7500030697909,1,1006.5677389669902,-4.62469976742338
225,2025-03-02 03:30:00,959.0512738564028,824.7500030697909,1,1006.5677389669902,-4.720642562948829
226,2025-03-02 03:45:00,958.6055526744234,824.7500030697909,1,1006.5677389669902,-4.7649238531913385
227,2025-03-02 04:00:00,959.032702140487,824.7500030697909,1,1006.5677389669902,-4.722487616708926
228,2025-03-02 04:15:00,959.2927061633084,824.7500030697909,1,1006.5677389669902,-4.696656864067461
229,2025-03-02 04:30:00,959.3484213110559,824.7500030697909,1,1006.5677389669902,-4.691121702787148
230,2025-03-02 04:45:00,959.1162748621082,824.7500030697909,1,1006.5677389669902,-4.714184874788452
231,2025-03-02 05:00:00,959.4598516065507,824.7500030697909,1,1006.5677389669902,-4.680051380226513
232,2025-03-02 05:15:00,959.4784233224665,824.7500030697909,1,1006.5677389669902,-4.678206326466416
233,2025-03-02 05:30:00,959.6455687657088,824.7500030697909,1,1006.5677389669902,-4.661600842625468
234,2025-03-02 05:45:00,959.7941424930353,824.7500030697909,1,1006.5677389669902,-4.646840412544629
235,2025-03-02 06:00:00,960.0820040897304,824.7500030697909,1,1006.5677389669902,-4.618242079263013
236,2025-03-02 06:15:00,960.0912899476882,824.7500030697909,1,1006.5677389669902,-4.61731955238297
237,2025-03-02 06:30:00,959.8405717828248,824.7500030697909,1,1006.5677389669902,-4.642227778144381
238,2025-03-02 06:45:00,959.9705737942355,824.7500030697909,1,1006.5677389669902,-4.629312401823638
239,2025-03-02 07:00:00,958.9027001290763,824.7500030697909,1,1006.5677389669902,-4.73540299302967
240,2025-03-02 07:15:00,959.0419879984449,824.7500030697909,1,1006.5677389669902,-4.7215650898288715
241,2025-03-02 07:30:00,959.0698455723186,824.7500030697909,1,1006.5677389669902,-4.718797509188722
242,2025-03-02 07:45:00,959.3391354530979,824.7500030697909,1,1006.5677389669902,-4.692044229667203
243,2025-03-02 08:00:00,959.3948506008453,824.7500030697909,1,1006.5677389669902,-4.68650906838689
244,2025-03-02 08:15:00,959.3762788849295,824.7500030697909,1,1006.5677389669902,-4.688354122146987
245,2025-03-02 08:30:00,960.3420081125518,824.7500030697909,1,1006.5677389669902,-4.592411326621548
246,2025-03-02 08:45:00,960.026288941983,824.7500030697909,1,1006.5677389669902,-4.623777240543314
247,2025-03-02 09:00:00,959.2047693555272,618.5625023023431,2,1006.5677389669902,-4.705393167087801
248,2025-03-02 09:15:00,958.3998304707414,463.9218767267573,3,1006.5677389669902,-4.785361842182823
249,2025-03-02 09:30:00,957.8704091537575,347.941407545068,4,1006.5677389669902,-4.83795853254837
250,2025-03-02 09:45:00,957.5590567430668,347.941407545068,4,1006.5677389669902,-4.868890619743038
251,2025-03-02 10:00:00,954.9956328714791,616.4267593824997,2,1006.5677389669902,-5.12356040224754
252,2025-03-02 10:15:00,954.8490023990657,616.4267593824997,2,1006.5677389669902,-5.138127774788592
253,2025-03-02 10:30:00,954.668158149756,616.4267593824997,2,1006.5677389669902,-5.156094200922546
254,2025-03-02 10:45:00,954.668158149756,616.4267593824997,2,1006.5677389669902,-5.156094200922546
255,2025-03-02 11:00:00,954.9858575066515,616.4267593824997,2,1006.5677389669902,-5.124531560416945
256,2025-03-02 11:15:00,954.7365857035489,616.4267593824997,2,1006.5677389669902,-5.149296093736721
257,2025-03-02 11:30:00,954.7170349738938,616.4267593824997,2,1006.5677389669902,-5.151238410075532
258,2025-03-02 11:45:00,954.604618278377,616.4267593824997,2,1006.5677389669902,-5.162406729023661
259,2025-03-02 12:00:00,954.7903502101005,616.4267593824997,2,1006.5677389669902,-5.143954723805
260,2025-03-02 12:15:00,954.5997305959631,616.4267593824997,2,1006.5677389669902,-5.162892308108368
261,2025-03-02 12:30:00,953.3876975344907,817.5449743268664,1,1006.5677389669902,-5.283304776594222
262,2025-03-02 12:45:00,953.164836943501,817.5449743268664,1,1006.5677389669902,-5.305445421715483
263,2025-03-02 13:00:00,952.1572758184652,613.1587307451498,2,1006.5677389669902,-5.405544112149352
264,2025-03-02 13:15:00,951.404587922463,459.86904805886235,3,1006.5677389669902,-5.480321781536479
265,2025-03-02 13:30:00,949.2197838552975,496.453374791897,3,1006.5677389669902,-5.697376628675499
266,2025-03-02 13:45:00,946.3130557537062,710.6186458524095,1,1006.5677389669902,-5.986152832110592
267,2025-03-02 14:00:00,945.362668361629,532.9639843893071,2,1006.5677389669902,-6.080571454453143
268,2025-03-02 14:15:00,943.9719812010476,399.72298829198036,3,1006.5677389669902,-6.218732763100743
269,2025-03-02 14:30:00,939.6568713228517,606.4430620749738,2,1006.5677389669902,-6.647428191251903
270,2025-03-02 14:45:00,939.4466307624289,454.83229655623035,3,1006.5677389669902,-6.66831506774156
271,2025-03-02 15:00:00,936.3402959711257,439.66183761304006,3,1006.5677389669902,-6.976921699073801
272,2025-03-02 15:15:00,936.50041817079,329.74637820978006,4,1006.5677389669902,-6.961013957004836
273,2025-03-02 15:30:00,937.4490777457415,329.74637820978006,4,1006.5677389669902,-6.86676698899401
274,2025-03-02 15:45:00,940.3585799388917,940.3585799388917,0,1006.5677389669902,-6.577715186465937
275,2025-03-02 16:00:00,940.3585799388917,940.3585799388917,0,1006.5677389669902,-6.577715186465937
276,2025-03-02 16:15:00,940.3585799388917,940.3585799388917,0,1006.5677389669902,-6.577715186465937
277,2025-03-02 16:30:00,940.3585799388917,940.3585799388917,0,1006.5677389669902,-6.577715186465937
278,2025-03-02 16:45:00,940.3585799388917,940.3585799388917,0,1006.5677389669902,-6.577715186465937
279,2025-03-02 17:00:00,940.3585799388917,940.3585799388917,0,1006.5677389669902,-6.577715186465937
280,2025-03-02 17:15:00,940.3585799388917,940.3585799388917,0,1006.5677389669902,-6.577715186465937
281,2025-03-02 17:30:00,940.3585799388917,940.3585799388917,0,1006.5677389669902,-6.577715186465937
282,2025-03-02 17:45:00,940.3585799388917,940.3585799388917,0,1006.5677389669902,-6.577715186465937
283,2025-03-02 18:00:00,940.3585799388917,940.3585799388917,0,1006.5677389669902,-6.577715186465937
284,2025-03-02 18:15:00,940.3585799388917,940.3585799388917,0,1006.5677389669902,-6.577715186465937
285,2025-03-02 18:30:00,940.3585799388917,940.3585799388917,0,1006.5677389669902,-6.577715186465937
286,2025-03-02 18:45:00,940.3585799388917,940.3585799388917,0,1006.5677389669902,-6.577715186465937
287,2025-03-02 19:00:00,940.3585799388917,940.3585799388917,0,1006.5677389669902,-6.577715186465937
288,2025-03-02 19:15:00,940.3585799388917,940.3585799388917,0,1006.5677389669902,-6.577715186465937
289,2025-03-02 19:30:00,940.3585799388917,940.3585799388917,0,1006.5677389669902,-6.577715186465937
290,2025-03-02 19:45:00,940.3585799388917,940.3585799388917,0,1006.5677389669902,-6.577715186465937
291,2025-03-02 20:00:00,940.3585799388917,940.3585799388917,0,1006.5677389669902,-6.577715186465937
292,2025-03-02 20:15:00,940.3585799388917,940.3585799388917,0,1006.5677389669902,-6.577715186465937
293,2025-03-02 20:30:00,940.3585799388917,940.3585799388917,0,1006.5677389669902,-6.577715186465937
294,2025-03-02 20:45:00,940.3585799388917,940.3585799388917,0,1006.5677389669902,-6.577715186465937
295,2025-03-02 21:00:00,940.3585799388917,940.3585799388917,0,1006.5677389669902,-6.577715186465937
296,2025-03-02 21:15:00,940.3585799388917,940.3585799388917,0,1006.5677389669902,-6.577715186465937
297,2025-03-02 21:30:00,940.3585799388917,940.3585799388917,0,1006.5677389669902,-6.577715186465937
298,2025-03-02 21:45:00,940.3585799388917,940.3585799388917,0,1006.5677389669902,-6.577715186465937
299,2025-03-02 22:00:00,940.3585799388917,940.3585799388917,0,1006.5677389669902,-6.577715186465937
300,2025-03-02 22:15:00,940.3585799388917,940.3585799388917,0,1006.5677389669902,-6.577715186465937
301,2025-03-02 22:30:00,940.3585799388917,940.3585799388917,0,1006.5677389669902,-6.577715186465937
302,2025-03-02 22:45:00,940.3585799388917,940.3585799388917,0,1006.5677389669902,-6.577715186465937
303,2025-03-02 23:00:00,940.3585799388917,940.3585799388917,0,1006.5677389669902,-6.577715186465937
304,2025-03-02 23:15:00,940.3585799388917,940.3585799388917,0,1006.5677389669902,-6.577715186465937
305,2025-03-02 23:30:00,940.3585799388917,940.3585799388917,0,1006.5677389669902,-6.577715186465937
306,2025-03-02 23:45:00,940.3585799388917,940.3585799388917,0,1006.5677389669902,-6.577715186465937
307,2025-03-03 00:00:00,940.3585799388917,940.3585799388917,0,1006.5677389669902,-6.577715186465937
308,2025-03-03 00:15:00,940.3585799388917,940.3585799388917,0,1006.5677389669902,-6.577715186465937
309,2025-03-03 00:30:00,940.3585799388917,940.3585799388917,0,1006.5677389669902,-6.577715186465937
310,2025-03-03 00:45:00,940.3585799388917,940.3585799388917,0,1006.5677389669902,-6.577715186465937
311,2025-03-03 01:00:00,940.3585799388917,940.3585799388917,0,1006.5677389669902,-6.577715186465937
312,2025-03-03 01:15:00,940.3585799388917,940.3585799388917,0,1006.5677389669902,-6.577715186465937
313,2025-03-03 01:30:00,940.3585799388917,940.3585799388917,0,1006.5677389669902,-6.577715186465937
314,2025-03-03 01:45:00,940.3585799388917,940.3585799388917,0,1006.5677389669902,-6.577715186465937
315,2025-03-03 02:00:00,940.3585799388917,940.3585799388917,0,1006.5677389669902,-6.577715186465937
316,2025-03-03 02:15:00,940.3585799388917,940.3585799388917,0,1006.5677389669902,-6.577715186465937
317,2025-03-03 02:30:00,939.1889797150872,705.2689349541688,1,1006.5677389669902,-6.6939120581245515
318,2025-03-03 02:45:00,937.4051112444519,705.2689349541688,1,1006.5677389669902,-6.871134951485514
319,2025-03-03 03:00:00,939.3673665621507,705.2689349541688,1,1006.5677389669902,-6.676189768788454
320,2025-03-03 03:15:00,939.4507109554086,528.9517012156266,2,1006.5677389669902,-6.667909710722675
321,2025-03-03 03:30:00,935.5086627096704,702.617772835657,1,1006.5677389669902,-7.0595423940613795
322,2025-03-03 03:45:00,934.1501782589559,702.617772835657,1,1006.5677389669902,-7.194504443620875
323,2025-03-03 04:00:00,931.2457094430852,699.3040632555172,1,1006.5677389669902,-7.483056192641913
324,2025-03-03 04:15:00,933.6722522552478,699.3040632555172,1,1006.5677389669902,-7.241985202759704
325,2025-03-03 04:30:00,934.0445059821136,699.3040632555172,1,1006.5677389669902,-7.205002721357334
326,2025-03-03 04:45:00,933.6860394303169,699.3040632555172,1,1006.5677389669902,-7.240615481226287
327,2025-03-03 05:00:00,933.0242550269999,699.3040632555172,1,1006.5677389669902,-7.306362114830522
328,2025-03-03 05:15:00,932.9828935017925,699.3040632555172,1,1006.5677389669902,-7.310471279430786
329,2025-03-03 05:30:00,933.9066342314226,699.3040632555172,1,1006.5677389669902,-7.218699936691541
330,2025-03-03 05:45:00,932.9415319765852,699.3040632555172,1,1006.5677389669902,-7.31458044403105
331,2025-03-03 06:00:00,933.8239111810079,699.3040632555172,1,1006.5677389669902,-7.226918265892069
332,2025-03-03 06:15:00,933.0931909023453,699.3040632555172,1,1006.5677389669902,-7.299513507163413
333,2025-03-03 06:30:00,931.9626425466787,699.3040632555172,1,1006.5677389669902,-7.411830672903985
334,2025-03-03 06:45:00,927.2439330925695,696.2989933434861,1,1006.5677389669902,-7.880622714555541
335,2025-03-03 07:00:00,923.374933758681,923.374933758681,0,1006.5677389669902,-8.264998170285832
336,2025-03-03 07:15:00,922.2264574729115,692.5312003190107,1,1006.5677389669902,-8.379096431268064
337,2025-03-03 07:30:00,922.7474330507378,519.3984002392581,2,1006.5677389669902,-8.327338804070417
338,2025-03-03 07:45:00,921.3046798035551,519.3984002392581,2,1006.5677389669902,-8.470672748854236
339,2025-03-03 08:00:00,920.4340528440484,519.3984002392581,2,1006.5677389669902,-8.55716737070653
340,2025-03-03 08:15:00,923.5434348422868,519.3984002392581,2,1006.5677389669902,-8.248258006948317
341,2025-03-03 08:30:00,924.0658110179909,519.3984002392581,2,1006.5677389669902,-8.196361233836935
342,2025-03-03 08:45:00,919.9116766683444,519.3984002392581,2,1006.5677389669902,-8.609064143817912
343,2025-03-03 09:00:00,919.6878011644712,519.3984002392581,2,1006.5677389669902,-8.6313056180085
344,2025-03-03 09:15:00,913.4238931665407,913.4238931665407,0,1006.5677389669902,-9.253609289727505
345,2025-03-03 09:30:00,913.4238931665407,913.4238931665407,0,1006.5677389669902,-9.253609289727505
346,2025-03-03 09:45:00,913.4238931665407,913.4238931665407,0,1006.5677389669902,-9.253609289727505
347,2025-03-03 10:00:00,913.4238931665407,913.4238931665407,0,1006.5677389669902,-9.253609289727505
348,2025-03-03 10:15:00,913.4238931665407,913.4238931665407,0,1006.5677389669902,-9.253609289727505
349,2025-03-03 10:30:00,913.4238931665407,913.4238931665407,0,1006.5677389669902,-9.253609289727505
350,2025-03-03 10:45:00,913.4238931665407,913.4238931665407,0,1006.5677389669902,-9.253609289727505
351,2025-03-03 11:00:00,913.4238931665407,913.4238931665407,0,1006.5677389669902,-9.253609289727505
352,2025-03-03 11:15:00,913.4238931665407,913.4238931665407,0,1006.5677389669902,-9.253609289727505
353,2025-03-03 11:30:00,913.4238931665407,913.4238931665407,0,1006.5677389669902,-9.253609289727505
354,2025-03-03 11:45:00,913.4238931665407,913.4238931665407,0,1006.5677389669902,-9.253609289727505
355,2025-03-03 12:00:00,913.4238931665407,913.4238931665407,0,1006.5677389669902,-9.253609289727505
356,2025-03-03 12:15:00,913.4238931665407,913.4238931665407,0,1006.5677389669902,-9.253609289727505
357,2025-03-03 12:30:00,913.4238931665407,913.4238931665407,0,1006.5677389669902,-9.253609289727505
358,2025-03-03 12:45:00,913.4238931665407,913.4238931665407,0,1006.5677389669902,-9.253609289727505
359,2025-03-03 13:00:00,913.4238931665407,913.4238931665407,0,1006.5677389669902,-9.253609289727505
360,2025-03-03 13:15:00,913.4238931665407,913.4238931665407,0,1006.5677389669902,-9.253609289727505
361,2025-03-03 13:30:00,913.4238931665407,913.4238931665407,0,1006.5677389669902,-9.253609289727505
362,2025-03-03 13:45:00,913.4238931665407,685.0679198749056,1,1006.5677389669902,-9.253609289727505
363,2025-03-03 14:00:00,912.3955756333099,912.3955756333099,0,1006.5677389669902,-9.355770077662761
364,2025-03-03 14:15:00,912.3955756333099,912.3955756333099,0,1006.5677389669902,-9.355770077662761
365,2025-03-03 14:30:00,912.3955756333099,912.3955756333099,0,1006.5677389669902,-9.355770077662761
366,2025-03-03 14:45:00,912.3955756333099,912.3955756333099,0,1006.5677389669902,-9.355770077662761
367,2025-03-03 15:00:00,912.3955756333099,912.3955756333099,0,1006.5677389669902,-9.355770077662761
368,2025-03-03 15:15:00,912.3955756333099,912.3955756333099,0,1006.5677389669902,-9.355770077662761
369,2025-03-03 15:30:00,912.3955756333099,912.3955756333099,0,1006.5677389669902,-9.355770077662761
370,2025-03-03 15:45:00,912.3955756333099,912.3955756333099,0,1006.5677389669902,-9.355770077662761
371,2025-03-03 16:00:00,912.3955756333099,912.3955756333099,0,1006.5677389669902,-9.355770077662761
372,2025-03-03 16:15:00,912.3955756333099,912.3955756333099,0,1006.5677389669902,-9.355770077662761
373,2025-03-03 16:30:00,912.3955756333099,912.3955756333099,0,1006.5677389669902,-9.355770077662761
374,2025-03-03 16:45:00,911.2607552656068,684.2966817249825,1,1006.5677389669902,-9.468511657168154
375,2025-03-03 17:00:00,910.4383151728416,513.2225112937369,2,1006.5677389669902,-9.550219033723783
376,2025-03-03 17:15:00,908.6960439401951,384.9168834703027,3,1006.5677389669902,-9.723309345006214
377,2025-03-03 17:30:00,905.0213519584421,680.1075540031816,1,1006.5677389669902,-10.08838084884005
378,2025-03-03 17:45:00,906.1970344619374,680.1075540031816,1,1006.5677389669902,-9.971579717830037
379,2025-03-03 18:00:00,908.3046604133255,680.1075540031816,1,1006.5677389669902,-9.762192324434038
380,2025-03-03 18:15:00,903.7883190889227,680.1075540031816,1,1006.5677389669902,-10.21087959599688
381,2025-03-03 18:30:00,901.4189580493041,676.906141598668,1,1006.5677389669902,-10.446269719074952
382,2025-03-03 18:45:00,897.5277613060613,673.9841096731693,1,1006.5677389669902,-10.832850432185847
383,2025-03-03 19:00:00,895.4213602660308,673.9841096731693,1,1006.5677389669902,-11.042116133686697
384,2025-03-03 19:15:00,893.3296893032033,673.9841096731693,1,1006.5677389669902,-11.249918438673557
385,2025-03-03 19:30:00,889.6593991727025,668.0754890425151,1,1006.5677389669902,-11.614552629539588
386,2025-03-03 19:45:00,889.3864939121933,668.0754890425151,1,1006.5677389669902,-11.64166508804032
387,2025-03-03 20:00:00,885.7052104172191,501.0566167818863,2,1006.5677389669902,-12.007391442309556
388,2025-03-03 20:15:00,879.4125465008058,716.1772206590119,1,1006.5677389669902,-12.632551942970071
389,2025-03-03 20:30:00,881.3617283044703,716.1772206590119,1,1006.5677389669902,-12.438905581358595
390,2025-03-03 20:45:00,882.3305523962324,716.1772206590119,1,1006.5677389669902,-12.34265531878248
391,2025-03-03 21:00:00,879.8623576862667,716.1772206590119,1,1006.5677389669902,-12.587864321059739
392,2025-03-03 21:15:00,882.6996282407133,716.1772206590119,1,1006.5677389669902,-12.305988552086811
393,2025-03-03 21:30:00,881.5001317461506,716.1772206590119,1,1006.5677389669902,-12.42515554384772
394,2025-03-03 21:45:00,880.1506981897675,716.1772206590119,1,1006.5677389669902,-12.559218409578744
395,2025-03-03 22:00:00,880.6697110960687,716.1772206590119,1,1006.5677389669902,-12.507655768912961
396,2025-03-03 22:15:00,877.4832025237822,877.4832025237822,0,1006.5677389669902,-12.824227465871651
397,2025-03-03 22:30:00,877.4832025237822,877.4832025237822,0,1006.5677389669902,-12.824227465871651
398,2025-03-03 22:45:00,877.4832025237822,877.4832025237822,0,1006.5677389669902,-12.824227465871651
399,2025-03-03 23:00:00,877.4832025237822,877.4832025237822,0,1006.5677389669902,-12.824227465871651
400,2025-03-03 23:15:00,877.4832025237822,877.4832025237822,0,1006.5677389669902,-12.824227465871651
401,2025-03-03 23:30:00,877.4832025237822,877.4832025237822,0,1006.5677389669902,-12.824227465871651
402,2025-03-03 23:45:00,877.4832025237822,877.4832025237822,0,1006.5677389669902,-12.824227465871651
403,2025-03-04 00:00:00,877.4832025237822,877.4832025237822,0,1006.5677389669902,-12.824227465871651
404,2025-03-04 00:15:00,877.4832025237822,877.4832025237822,0,1006.5677389669902,-12.824227465871651
405,2025-03-04 00:30:00,877.4832025237822,877.4832025237822,0,1006.5677389669902,-12.824227465871651
406,2025-03-04 00:45:00,877.4832025237822,877.4832025237822,0,1006.5677389669902,-12.824227465871651
407,2025-03-04 01:00:00,877.4832025237822,877.4832025237822,0,1006.5677389669902,-12.824227465871651
408,2025-03-04 01:15:00,877.4832025237822,877.4832025237822,0,1006.5677389669902,-12.824227465871651
409,2025-03-04 01:30:00,877.4832025237822,877.4832025237822,0,1006.5677389669902,-12.824227465871651
410,2025-03-04 01:45:00,876.3918055057179,658.1124018928367,1,1006.5677389669902,-12.9326550436504
411,2025-03-04 02:00:00,871.2583700215265,654.2575306637366,1,1006.5677389669902,-13.442649084335601
412,2025-03-04 02:15:00,871.0986663052124,490.6931479978025,2,1006.5677389669902,-13.458515251125135
413,2025-03-04 02:30:00,869.0354877391945,490.6931479978025,2,1006.5677389669902,-13.663486907392919
414,2025-03-04 02:45:00,870.290123353665,490.6931479978025,2,1006.5677389669902,-13.538841981284122
415,2025-03-04 03:00:00,869.1191301134926,490.6931479978025,2,1006.5677389669902,-13.655177245652329
416,2025-03-04 03:15:00,871.1265470966451,490.6931479978025,2,1006.5677389669902,-13.455745363878268
417,2025-03-04 03:30:00,869.0076069477619,490.6931479978025,2,1006.5677389669902,-13.666256794639775
418,2025-03-04 03:45:00,871.9629708396253,490.6931479978025,2,1006.5677389669902,-13.372648746472404
419,2025-03-04 04:00:00,868.1154216219163,490.6931479978025,2,1006.5677389669902,-13.754893186539363
420,2025-03-04 04:15:00,871.3495934281066,490.6931479978025,2,1006.5677389669902,-13.433586265903363
421,2025-03-04 04:30:00,869.6209843592808,490.6931479978025,2,1006.5677389669902,-13.605319275208805
422,2025-03-04 04:45:00,872.158136379654,490.6931479978025,2,1006.5677389669902,-13.353259535744378
423,2025-03-04 05:00:00,872.6878714168749,490.6931479978025,2,1006.5677389669902,-13.300631678053987
424,2025-03-04 05:15:00,870.8477391823184,490.6931479978025,2,1006.5677389669902,-13.483444236346887
425,2025-03-04 05:30:00,872.5236492191038,368.0198609983519,3,1006.5677389669902,-13.316946744731927
426,2025-03-04 05:45:00,874.4729603495041,368.0198609983519,3,1006.5677389669902,-13.123287534831086
427,2025-03-04 06:00:00,875.429226187059,368.0198609983519,3,1006.5677389669902,-13.028284903558962
428,2025-03-04 06:15:00,875.8338001952553,368.0198609983519,3,1006.5677389669902,-12.988091482636143
429,2025-03-04 06:30:00,874.5097398047948,368.0198609983519,3,1006.5677389669902,-13.119633587474455
430,2025-03-04 06:45:00,876.3854920246138,368.0198609983519,3,1006.5677389669902,-12.933282272286862
431,2025-03-04 07:00:00,874.5832987153758,368.0198609983519,3,1006.5677389669902,-13.112325692761228
432,2025-03-04 07:15:00,872.5236492191038,368.0198609983519,3,1006.5677389669902,-13.316946744731927
433,2025-03-04 07:30:00,867.4480843890052,368.0198609983519,3,1006.5677389669902,-13.821191479945426
434,2025-03-04 07:45:00,868.9028799185945,276.01489574876393,4,1006.5677389669902,-13.676661164371994
435,2025-03-04 08:00:00,871.9910647088564,276.01489574876393,4,1006.5677389669902,-13.369857690476527
436,2025-03-04 08:15:00,866.9890752598408,276.01489574876393,4,1006.5677389669902,-13.866792894673408
437,2025-03-04 08:30:00,866.9020841389884,276.01489574876393,4,1006.5677389669902,-13.875435246050749
438,2025-03-04 08:45:00,873.4264182029216,276.01489574876393,4,1006.5677389669902,-13.22725889275047
439,2025-03-04 09:00:00,873.2800963392722,275.84952845006137,4,1006.5677389669902,-13.241795605778805
440,2025-03-04 09:15:00,873.6709712382983,275.84952845006137,4,1006.5677389669902,-13.202963157261504
441,2025-03-04 09:30:00,874.365859947678,275.84952845006137,4,1006.5677389669902,-13.133927693230751
442,2025-03-04 09:45:00,867.2742758726699,366.37487427039383,3,1006.5677389669902,-13.83845892351695
443,2025-03-04 10:00:00,871.4303543205044,366.37487427039383,3,1006.5677389669902,-13.425562872218933
444,2025-03-04 10:15:00,866.759363498602,366.37487427039383,3,1006.5677389669902,-13.889614186509613
445,2025-03-04 10:30:00,866.244451124534,366.37487427039383,3,1006.5677389669902,-13.9407694495023
446,2025-03-04 10:45:00,866.0829966247313,274.7811557027954,4,1006.5677389669902,-13.956809552274551
447,2025-03-04 11:00:00,868.3440228566556,274.7811557027954,4,1006.5677389669902,-13.732182222747314
448,2025-03-04 11:15:00,870.2571988990533,274.7811557027954,4,1006.5677389669902,-13.542112943916552
449,2025-03-04 11:30:00,874.9096951839749,274.7811557027954,4,1006.5677389669902,-13.079899015850827
450,2025-03-04 11:45:00,872.779112773123,274.7811557027954,4,1006.5677389669902,-13.291567076366906
451,2025-03-04 12:00:00,870.996380551798,274.7811557027954,4,1006.5677389669902,-13.468677086186464
452,2025-03-04 12:15:00,870.5615678148893,274.7811557027954,4,1006.5677389669902,-13.51187464955711
453,2025-03-04 12:30:00,865.0829273298416,274.7811557027954,4,1006.5677389669902,-14.056163948027
454,2025-03-04 12:45:00,864.4307082244788,274.7811557027954,4,1006.5677389669902,-14.120960293082929
455,2025-03-04 13:00:00,869.8658674358358,274.7811557027954,4,1006.5677389669902,-13.580990750950095
456,2025-03-04 13:15:00,867.648322477602,274.7811557027954,4,1006.5677389669902,-13.801298324140298
457,2025-03-04 13:30:00,858.0599857119593,644.2655838099449,1,1006.5677389669902,-14.75387572101604
458,2025-03-04 13:45:00,856.2573616696575,644.2655838099449,1,1006.5677389669902,-14.932961933748413
459,2025-03-04 14:00:00,858.873559394768,644.2655838099449,1,1006.5677389669902,-14.673049200225341
460,2025-03-04 14:15:00,856.4291342509999,483.1991878574587,2,1006.5677389669902,-14.915896755251957
461,2025-03-04 14:30:00,861.4894054343131,483.1991878574587,2,1006.5677389669902,-14.413171405788006
462,2025-03-04 14:45:00,862.3281244149729,483.1991878574587,2,1006.5677389669902,-14.329846762230435
463,2025-03-04 15:00:00,868.1613531196034,645.7685940600614,1,1006.5677389669902,-13.750330006545719
464,2025-03-04 15:15:00,865.832299047249,645.7685940600614,1,1006.5677389669902,-13.981715732730882
465,2025-03-04 15:30:00,861.5410966810617,645.7685940600614,1,1006.5677389669902,-14.408036009058357
466,2025-03-04 15:45:00,862.3387179387173,645.7685940600614,1,1006.5677389669902,-14.328794322008642
467,2025-03-04 16:00:00,863.279911022751,645.7685940600614,1,1006.5677389669902,-14.235289131289974
468,2025-03-04 16:15:00,866.0875378496988,645.7685940600614,1,1006.5677389669902,-13.956358392874968
469,2025-03-04 16:30:00,864.3008662325502,645.7685940600614,1,1006.5677389669902,-14.13385977186633
470,2025-03-04 16:45:00,859.2279950338605,645.7685940600614,1,1006.5677389669902,-14.637836901502531
471,2025-03-04 17:00:00,858.5579931774296,645.7685940600614,1,1006.5677389669902,-14.7043999186243
472,2025-03-04 17:15:00,863.2320537472916,645.7685940600614,1,1006.5677389669902,-14.240043632512966
473,2025-03-04 17:30:00,864.3487235080095,645.7685940600614,1,1006.5677389669902,-14.129105270643361
474,2025-03-04 17:45:00,868.0337337183785,645.7685940600614,1,1006.5677389669902,-13.763008676473676
475,2025-03-04 18:00:00,868.2730200956752,645.7685940600614,1,1006.5677389669902,-13.73923617035876
476,2025-03-04 18:15:00,869.7725480600678,484.3264455450461,2,1006.5677389669902,-13.590261798705283
477,2025-03-04 18:30:00,870.2147763768934,363.2448341587846,3,1006.5677389669902,-13.546327515923739
478,2025-03-04 18:45:00,870.615568362319,363.2448341587846,3,1006.5677389669902,-13.506509829551538
479,2025-03-04 19:00:00,870.5594574843593,363.2448341587846,3,1006.5677389669902,-13.512084305643658
480,2025-03-04 19:15:00,870.6808277325634,392.2045686581977,3,1006.5677389669902,-13.500026473517156
481,2025-03-04 19:30:00,871.0426055256586,384.0141358209063,3,1006.5677389669902,-13.464084750065297
482,2025-03-04 19:45:00,871.2947504308397,384.0141358209063,3,1006.5677389669902,-13.439034781203796
483,2025-03-04 20:00:00,871.1076751786086,384.0141358209063,3,1006.5677389669902,-13.457620241972002
484,2025-03-04 20:15:00,871.1076751786086,384.0141358209063,3,1006.5677389669902,-13.457620241972002
485,2025-03-04 20:30:00,871.0873409120617,384.0141358209063,3,1006.5677389669902,-13.45964040075116
486,2025-03-04 20:45:00,870.9816027260179,384.0141358209063,3,1006.5677389669902,-13.470145226402774
487,2025-03-04 21:00:00,871.1422434317383,384.0141358209063,3,1006.5677389669902,-13.454185972047439
488,2025-03-04 21:15:00,871.1537708104922,513.1434185117646,2,1006.5677389669902,-13.453040755654378
489,2025-03-04 21:30:00,871.7220995514042,513.1434185117646,2,1006.5677389669902,-13.396578709543583
490,2025-03-04 21:45:00,873.5029339769442,873.5029339769442,0,1006.5677389669902,-13.21965724101255
491,2025-03-04 22:00:00,873.5029339769442,873.5029339769442,0,1006.5677389669902,-13.21965724101255
492,2025-03-04 22:15:00,873.5029339769442,873.5029339769442,0,1006.5677389669902,-13.21965724101255
493,2025-03-04 22:30:00,873.5029339769442,873.5029339769442,0,1006.5677389669902,-13.21965724101255
494,2025-03-04 22:45:00,873.5029339769442,873.5029339769442,0,1006.5677389669902,-13.21965724101255
495,2025-03-04 23:00:00,873.5029339769442,873.5029339769442,0,1006.5677389669902,-13.21965724101255
496,2025-03-04 23:15:00,873.5029339769442,873.5029339769442,0,1006.5677389669902,-13.21965724101255
497,2025-03-04 23:30:00,873.5029339769442,873.5029339769442,0,1006.5677389669902,-13.21965724101255
498,2025-03-04 23:45:00,873.5029339769442,873.5029339769442,0,1006.5677389669902,-13.21965724101255
499,2025-03-05 00:00:00,873.5029339769442,873.5029339769442,0,1006.5677389669902,-13.21965724101255
500,2025-03-05 00:15:00,873.5029339769442,873.5029339769442,0,1006.5677389669902,-13.21965724101255
501,2025-03-05 00:30:00,873.5029339769442,873.5029339769442,0,1006.5677389669902,-13.21965724101255
502,2025-03-05 00:45:00,873.5029339769442,873.5029339769442,0,1006.5677389669902,-13.21965724101255
503,2025-03-05 01:00:00,873.5029339769442,873.5029339769442,0,1006.5677389669902,-13.21965724101255
504,2025-03-05 01:15:00,873.5029339769442,873.5029339769442,0,1006.5677389669902,-13.21965724101255
505,2025-03-05 01:30:00,873.5029339769442,873.5029339769442,0,1006.5677389669902,-13.21965724101255
506,2025-03-05 01:45:00,873.5029339769442,873.5029339769442,0,1006.5677389669902,-13.21965724101255
507,2025-03-05 02:00:00,873.5029339769442,873.5029339769442,0,1006.5677389669902,-13.21965724101255
508,2025-03-05 02:15:00,873.5029339769442,873.5029339769442,0,1006.5677389669902,-13.21965724101255
509,2025-03-05 02:30:00,873.5029339769442,873.5029339769442,0,1006.5677389669902,-13.21965724101255
510,2025-03-05 02:45:00,873.5029339769442,873.5029339769442,0,1006.5677389669902,-13.21965724101255
511,2025-03-05 03:00:00,873.5029339769442,873.5029339769442,0,1006.5677389669902,-13.21965724101255
512,2025-03-05 03:15:00,873.5029339769442,873.5029339769442,0,1006.5677389669902,-13.21965724101255
513,2025-03-05 03:30:00,873.5029339769442,655.1272004827081,1,1006.5677389669902,-13.21965724101255
514,2025-03-05 03:45:00,874.8868678118597,656.1651508588948,1,1006.5677389669902,-13.082166858464051
515,2025-03-05 04:00:00,876.0508452577814,492.1238631441711,2,1006.5677389669902,-12.96652859579568
516,2025-03-05 04:15:00,878.2515898733047,492.1238631441711,2,1006.5677389669902,-12.747890094845715
517,2025-03-05 04:30:00,879.9485495768408,492.1238631441711,2,1006.5677389669902,-12.579301371221652
518,2025-03-05 04:45:00,879.7200731683791,660.61171123354,1,1006.5677389669902,-12.601999933833664
519,2025-03-05 05:00:00,879.3017884326136,495.458783425155,2,1006.5677389669902,-12.643555481421021
520,2025-03-05 05:15:00,880.5031644652939,371.59408756886626,3,1006.5677389669902,-12.524201762225406
521,2025-03-05 05:30:00,880.0537543513153,402.0558217882709,3,1006.5677389669902,-12.568849538682048
522,2025-03-05 05:45:00,878.1784891289996,301.5418663412032,4,1006.5677389669902,-12.755152471879594
523,2025-03-05 06:00:00,876.2653184277541,433.7521154964859,3,1006.5677389669902,-12.945221220080183
524,2025-03-05 06:15:00,877.9200986263963,433.7521154964859,3,1006.5677389669902,-12.78082292530267
525,2025-03-05 06:30:00,873.4663242845762,491.27478857789777,2,1006.5677389669902,-13.22329432284527
526,2025-03-05 06:45:00,874.8185445496013,491.27478857789777,2,1006.5677389669902,-13.088954604545455
527,2025-03-05 07:00:00,876.9550525683409,491.27478857789777,2,1006.5677389669902,-12.876697849631746
528,2025-03-05 07:15:00,877.4069724752737,877.4069724752737,0,1006.5677389669902,-12.831800731490784
529,2025-03-05 07:30:00,877.4069724752737,877.4069724752737,0,1006.5677389669902,-12.831800731490784
530,2025-03-05 07:45:00,877.4069724752737,877.4069724752737,0,1006.5677389669902,-12.831800731490784
531,2025-03-05 08:00:00,877.4069724752737,877.4069724752737,0,1006.5677389669902,-12.831800731490784
532,2025-03-05 08:15:00,877.4069724752737,877.4069724752737,0,1006.5677389669902,-12.831800731490784
533,2025-03-05 08:30:00,877.4069724752737,877.4069724752737,0,1006.5677389669902,-12.831800731490784
534,2025-03-05 08:45:00,877.4069724752737,877.4069724752737,0,1006.5677389669902,-12.831800731490784
535,2025-03-05 09:00:00,877.4069724752737,877.4069724752737,0,1006.5677389669902,-12.831800731490784
536,2025-03-05 09:15:00,877.4069724752737,877.4069724752737,0,1006.5677389669902,-12.831800731490784
537,2025-03-05 09:30:00,877.4069724752737,877.4069724752737,0,1006.5677389669902,-12.831800731490784
538,2025-03-05 09:45:00,877.4069724752737,658.0552293564554,1,1006.5677389669902,-12.831800731490784
539,2025-03-05 10:00:00,878.8419130538088,493.5414220173415,2,1006.5677389669902,-12.689242955895107
540,2025-03-05 10:15:00,877.1892994901559,370.1560665130061,3,1006.5677389669902,-12.853426000878132
541,2025-03-05 10:30:00,876.9120286039732,277.6170498847546,4,1006.5677389669902,-12.880972173425576
542,2025-03-05 10:45:00,873.4870590705417,873.4870590705417,0,1006.5677389669902,-13.221234373458579
543,2025-03-05 11:00:00,873.4870590705417,873.4870590705417,0,1006.5677389669902,-13.221234373458579
544,2025-03-05 11:15:00,873.4870590705417,873.4870590705417,0,1006.5677389669902,-13.221234373458579
545,2025-03-05 11:30:00,873.4870590705417,873.4870590705417,0,1006.5677389669902,-13.221234373458579
546,2025-03-05 11:45:00,873.4870590705417,873.4870590705417,0,1006.5677389669902,-13.221234373458579
547,2025-03-05 12:00:00,873.4870590705417,873.4870590705417,0,1006.5677389669902,-13.221234373458579
548,2025-03-05 12:15:00,873.4870590705417,873.4870590705417,0,1006.5677389669902,-13.221234373458579
549,2025-03-05 12:30:00,873.4870590705417,873.4870590705417,0,1006.5677389669902,-13.221234373458579
550,2025-03-05 12:45:00,873.4870590705417,873.4870590705417,0,1006.5677389669902,-13.221234373458579
551,2025-03-05 13:00:00,873.4870590705417,873.4870590705417,0,1006.5677389669902,-13.221234373458579
552,2025-03-05 13:15:00,873.4870590705417,873.4870590705417,0,1006.5677389669902,-13.221234373458579
553,2025-03-05 13:30:00,873.4870590705417,873.4870590705417,0,1006.5677389669902,-13.221234373458579
554,2025-03-05 13:45:00,873.4870590705417,873.4870590705417,0,1006.5677389669902,-13.221234373458579
555,2025-03-05 14:00:00,873.4870590705417,873.4870590705417,0,1006.5677389669902,-13.221234373458579
556,2025-03-05 14:15:00,873.4870590705417,873.4870590705417,0,1006.5677389669902,-13.221234373458579
557,2025-03-05 14:30:00,872.4006323801555,655.1152943029062,1,1006.5677389669902,-13.329168161551285
558,2025-03-05 14:45:00,871.6301705681593,655.1152943029062,1,1006.5677389669902,-13.405711625261619
559,2025-03-05 15:00:00,869.434799818985,652.8881498018031,1,1006.5677389669902,-13.623816245962795
560,2025-03-05 15:15:00,865.4249157989263,649.8769915650716,1,1006.5677389669902,-14.022188244669398
561,2025-03-05 15:30:00,864.6509828127304,649.8769915650716,1,1006.5677389669902,-14.099076560898393
562,2025-03-05 15:45:00,861.3719744241719,646.8335000968564,1,1006.5677389669902,-14.424837884415842
563,2025-03-05 16:00:00,861.6668693911076,485.1251250726423,2,1006.5677389669902,-14.395540803303497
564,2025-03-05 16:15:00,863.5866403577504,485.1251250726423,2,1006.5677389669902,-14.204816335160608
565,2025-03-05 16:30:00,863.7999482429329,485.1251250726423,2,1006.5677389669902,-14.183624727589173
566,2025-03-05 16:45:00,860.3870220800125,485.1251250726423,2,1006.5677389669902,-14.522690448732101
567,2025-03-05 17:00:00,860.3336951087168,485.1251250726423,2,1006.5677389669902,-14.527988350624954
568,2025-03-05 17:15:00,865.0264685827325,485.1251250726423,2,1006.5677389669902,-14.061772984053434
569,2025-03-05 17:30:00,864.4134147616883,701.720725610732,1,1006.5677389669902,-14.122678355576001
570,2025-03-05 17:45:00,863.6793094348449,863.6793094348449,0,1006.5677389669902,-14.195609892960348
571,2025-03-05 18:00:00,863.6793094348449,863.6793094348449,0,1006.5677389669902,-14.195609892960348
572,2025-03-05 18:15:00,863.6793094348449,863.6793094348449,0,1006.5677389669902,-14.195609892960348
573,2025-03-05 18:30:00,863.6793094348449,863.6793094348449,0,1006.5677389669902,-14.195609892960348
574,2025-03-05 18:45:00,863.6793094348449,863.6793094348449,0,1006.5677389669902,-14.195609892960348
575,2025-03-05 19:00:00,863.6793094348449,863.6793094348449,0,1006.5677389669902,-14.195609892960348
576,2025-03-05 19:15:00,863.6793094348449,863.6793094348449,0,1006.5677389669902,-14.195609892960348
577,2025-03-05 19:30:00,863.6793094348449,863.6793094348449,0,1006.5677389669902,-14.195609892960348
578,2025-03-05 19:45:00,863.6793094348449,863.6793094348449,0,1006.5677389669902,-14.195609892960348
579,2025-03-05 20:00:00,863.6793094348449,863.6793094348449,0,1006.5677389669902,-14.195609892960348
580,2025-03-05 20:15:00,863.6793094348449,863.6793094348449,0,1006.5677389669902,-14.195609892960348
581,2025-03-05 20:30:00,863.6793094348449,863.6793094348449,0,1006.5677389669902,-14.195609892960348
582,2025-03-05 20:45:00,863.6793094348449,863.6793094348449,0,1006.5677389669902,-14.195609892960348
583,2025-03-05 21:00:00,863.6793094348449,863.6793094348449,0,1006.5677389669902,-14.195609892960348
584,2025-03-05 21:15:00,863.6793094348449,863.6793094348449,0,1006.5677389669902,-14.195609892960348
585,2025-03-05 21:30:00,863.6793094348449,863.6793094348449,0,1006.5677389669902,-14.195609892960348
586,2025-03-05 21:45:00,863.6793094348449,863.6793094348449,0,1006.5677389669902,-14.195609892960348
587,2025-03-05 22:00:00,863.6793094348449,863.6793094348449,0,1006.5677389669902,-14.195609892960348
588,2025-03-05 22:15:00,863.6793094348449,863.6793094348449,0,1006.5677389669902,-14.195609892960348
589,2025-03-05 22:30:00,863.6793094348449,863.6793094348449,0,1006.5677389669902,-14.195609892960348
590,2025-03-05 22:45:00,863.6793094348449,863.6793094348449,0,1006.5677389669902,-14.195609892960348
591,2025-03-05 23:00:00,863.6793094348449,863.6793094348449,0,1006.5677389669902,-14.195609892960348
592,2025-03-05 23:15:00,863.6793094348449,863.6793094348449,0,1006.5677389669902,-14.195609892960348
593,2025-03-05 23:30:00,863.6793094348449,863.6793094348449,0,1006.5677389669902,-14.195609892960348
594,2025-03-05 23:45:00,863.6793094348449,863.6793094348449,0,1006.5677389669902,-14.195609892960348
595,2025-03-06 00:00:00,863.6793094348449,863.6793094348449,0,1006.5677389669902,-14.195609892960348
596,2025-03-06 00:15:00,863.6793094348449,863.6793094348449,0,1006.5677389669902,-14.195609892960348
597,2025-03-06 00:30:00,863.6793094348449,863.6793094348449,0,1006.5677389669902,-14.195609892960348
598,2025-03-06 00:45:00,863.6793094348449,863.6793094348449,0,1006.5677389669902,-14.195609892960348
599,2025-03-06 01:00:00,863.6793094348449,863.6793094348449,0,1006.5677389669902,-14.195609892960348
600,2025-03-06 01:15:00,863.6793094348449,863.6793094348449,0,1006.5677389669902,-14.195609892960348
601,2025-03-06 01:30:00,863.6793094348449,863.6793094348449,0,1006.5677389669902,-14.195609892960348
602,2025-03-06 01:45:00,863.6793094348449,863.6793094348449,0,1006.5677389669902,-14.195609892960348
603,2025-03-06 02:00:00,863.6793094348449,863.6793094348449,0,1006.5677389669902,-14.195609892960348
604,2025-03-06 02:15:00,863.6793094348449,863.6793094348449,0,1006.5677389669902,-14.195609892960348
605,2025-03-06 02:30:00,863.6793094348449,863.6793094348449,0,1006.5677389669902,-14.195609892960348
606,2025-03-06 02:45:00,863.6793094348449,863.6793094348449,0,1006.5677389669902,-14.195609892960348
607,2025-03-06 03:00:00,863.6793094348449,863.6793094348449,0,1006.5677389669902,-14.195609892960348
608,2025-03-06 03:15:00,863.6793094348449,647.7594820761336,1,1006.5677389669902,-14.195609892960348
609,2025-03-06 03:30:00,863.866632895053,647.7594820761336,1,1006.5677389669902,-14.176999773347287
610,2025-03-06 03:45:00,864.615926735886,485.8196115571002,2,1006.5677389669902,-14.102559294895045
611,2025-03-06 04:00:00,863.5295773382411,364.36470866782514,3,1006.5677389669902,-14.210485404146256
612,2025-03-06 04:15:00,864.4308713251276,273.27353150086884,4,1006.5677389669902,-14.120944089439359
613,2025-03-06 04:30:00,864.9835956528382,273.27353150086884,4,1006.5677389669902,-14.066032302948184
614,2025-03-06 04:45:00,865.4573593623047,273.27353150086884,4,1006.5677389669902,-14.018965057384293
615,2025-03-06 05:00:00,861.9436118504293,273.27353150086884,4,1006.5677389669902,-14.368047128649708
616,2025-03-06 05:15:00,860.5312916638277,645.5192626122794,1,1006.5677389669902,-14.508357624598144
617,2025-03-06 05:30:00,861.9146033699807,645.5192626122794,1,1006.5677389669902,-14.370929048994018
618,2025-03-06 05:45:00,860.3295587066802,645.5192626122794,1,1006.5677389669902,-14.528399291873761
619,2025-03-06 06:00:00,859.3785319087001,484.1394469592095,2,1006.5677389669902,-14.622881437601599
620,2025-03-06 06:15:00,860.0054552602284,363.1045852194071,3,1006.5677389669902,-14.560598162740067
621,2025-03-06 06:30:00,864.1303306300342,394.52114427958406,3,1006.5677389669902,-14.150802059594636
622,2025-03-06 06:45:00,863.6622577161787,394.52114427958406,3,1006.5677389669902,-14.19730393877624
623,2025-03-06 07:00:00,863.5686431334076,394.52114427958406,3,1006.5677389669902,-14.20660431461257
624,2025-03-06 07:15:00,865.0664764577451,394.52114427958406,3,1006.5677389669902,-14.057798301231417
625,2025-03-06 07:30:00,864.8480424312793,394.52114427958406,3,1006.5677389669902,-14.07949917818283
626,2025-03-06 07:45:00,864.2239452128053,394.52114427958406,3,1006.5677389669902,-14.141501683758307
627,2025-03-06 08:00:00,864.3487646565001,394.52114427958406,3,1006.5677389669902,-14.129101182643222
628,2025-03-06 08:15:00,865.0352715968215,394.52114427958406,3,1006.5677389669902,-14.060898426510182
629,2025-03-06 08:30:00,865.6593688152955,394.52114427958406,3,1006.5677389669902,-13.998895920934707
630,2025-03-06 08:45:00,864.4111743783476,394.52114427958406,3,1006.5677389669902,-14.122900932085658
631,2025-03-06 09:00:00,859.1251959864371,738.5391119350776,1,1006.5677389669902,-14.648049731046308
632,2025-03-06 09:15:00,858.8847793676284,738.5391119350776,1,1006.5677389669902,-14.6719345238428
633,2025-03-06 09:30:00,860.231112432957,738.5391119350776,1,1006.5677389669902,-14.538179684182406
634,2025-03-06 09:45:00,860.0307652506165,738.5391119350776,1,1006.5677389669902,-14.55808367817949
635,2025-03-06 10:00:00,860.2230985456633,738.5391119350776,1,1006.5677389669902,-14.538975843942293
636,2025-03-06 10:15:00,860.6237929103445,738.5391119350776,1,1006.5677389669902,-14.499167855948125
637,2025-03-06 10:30:00,860.1509735600208,738.5391119350776,1,1006.5677389669902,-14.546141281781233
638,2025-03-06 10:45:00,858.8249556989815,858.8249556989815,0,1006.5677389669902,-14.677877856450339
639,2025-03-06 11:00:00,858.8249556989815,644.1187167742362,1,1006.5677389669902,-14.677877856450339
640,2025-03-06 11:15:00,858.2172432007085,643.6629324005314,1,1006.5677389669902,-14.7382525808476
641,2025-03-06 11:30:00,859.2801323332192,482.74719930039856,2,1006.5677389669902,-14.632657190556076
642,2025-03-06 11:45:00,859.3291861411853,482.74719930039856,2,1006.5677389669902,-14.62778381680614
643,2025-03-06 12:00:00,859.500874469067,362.06039947529894,3,1006.5677389669902,-14.610727008681346
644,2025-03-06 12:15:00,859.987440447771,362.06039947529894,3,1006.5677389669902,-14.56238788952745
645,2025-03-06 12:30:00,862.9916834974343,700.3365994883056,1,1006.5677389669902,-14.263923818669532
646,2025-03-06 12:45:00,863.2552215139489,700.3365994883056,1,1006.5677389669902,-14.237741972549067
647,2025-03-06 13:00:00,863.9008896544094,863.9008896544094,0,1006.5677389669902,-14.17359644955395
648,2025-03-06 13:15:00,863.9008896544094,863.9008896544094,0,1006.5677389669902,-14.17359644955395
649,2025-03-06 13:30:00,863.9008896544094,863.9008896544094,0,1006.5677389669902,-14.17359644955395
650,2025-03-06 13:45:00,862.826386060312,647.9256672408071,1,1006.5677389669902,-14.280345707701258
651,2025-03-06 14:00:00,862.5135994998357,485.94425043060534,2,1006.5677389669902,-14.311420274108222
652,2025-03-06 14:15:00,858.0963604228092,858.0963604228092,0,1006.5677389669902,-14.750261984012392
653,2025-03-06 14:30:00,858.0963604228092,858.0963604228092,0,1006.5677389669902,-14.750261984012392
654,2025-03-06 14:45:00,858.0963604228092,858.0963604228092,0,1006.5677389669902,-14.750261984012392
655,2025-03-06 15:00:00,858.0963604228092,858.0963604228092,0,1006.5677389669902,-14.750261984012392
656,2025-03-06 15:15:00,858.0963604228092,858.0963604228092,0,1006.5677389669902,-14.750261984012392
657,2025-03-06 15:30:00,858.0963604228092,858.0963604228092,0,1006.5677389669902,-14.750261984012392
658,2025-03-06 15:45:00,858.0963604228092,858.0963604228092,0,1006.5677389669902,-14.750261984012392
659,2025-03-06 16:00:00,858.0963604228092,858.0963604228092,0,1006.5677389669902,-14.750261984012392
660,2025-03-06 16:15:00,858.0963604228092,858.0963604228092,0,1006.5677389669902,-14.750261984012392
661,2025-03-06 16:30:00,858.0963604228092,858.0963604228092,0,1006.5677389669902,-14.750261984012392
662,2025-03-06 16:45:00,858.0963604228092,858.0963604228092,0,1006.5677389669902,-14.750261984012392
663,2025-03-06 17:00:00,858.0963604228092,858.0963604228092,0,1006.5677389669902,-14.750261984012392
664,2025-03-06 17:15:00,857.0290763924327,643.5722703171069,1,1006.5677389669902,-14.856293996470072
665,2025-03-06 17:30:00,855.3441238417138,482.6792027378302,2,1006.5677389669902,-15.023689839341825
666,2025-03-06 17:45:00,854.3879101051782,482.6792027378302,2,1006.5677389669902,-15.118687294507327
667,2025-03-06 18:00:00,854.1811611891704,482.6792027378302,2,1006.5677389669902,-15.139227284813384
668,2025-03-06 18:15:00,854.8272515516945,482.6792027378302,2,1006.5677389669902,-15.075039815106962
669,2025-03-06 18:30:00,854.3879101051782,482.6792027378302,2,1006.5677389669902,-15.118687294507327
670,2025-03-06 18:45:00,853.5609144411474,482.6792027378302,2,1006.5677389669902,-15.200847255731553
671,2025-03-06 19:00:00,852.4496390176059,482.6792027378302,2,1006.5677389669902,-15.311249703626606
672,2025-03-06 19:15:00,852.3204209451011,482.6792027378302,2,1006.5677389669902,-15.324087197567893
673,2025-03-06 19:30:00,853.5867580556483,482.6792027378302,2,1006.5677389669902,-15.1982797569433
674,2025-03-06 19:45:00,851.0732753762876,640.5352847431521,1,1006.5677389669902,-15.447988006279822
675,2025-03-06 20:00:00,852.5032001131182,640.5352847431521,1,1006.5677389669902,-15.305928542075442
676,2025-03-06 20:15:00,852.1346628098113,640.5352847431521,1,1006.5677389669902,-15.34254180604565
677,2025-03-06 20:30:00,853.2255332275996,640.5352847431521,1,1006.5677389669902,-15.23416654469385
678,2025-03-06 20:45:00,853.7267439600969,640.5352847431521,1,1006.5677389669902,-15.184372505694387
679,2025-03-06 21:00:00,852.2378532547373,640.5352847431521,1,1006.5677389669902,-15.332290092133983
680,2025-03-06 21:15:00,853.3287236725255,640.5352847431521,1,1006.5677389669902,-15.223914830782203
681,2025-03-06 21:30:00,853.8594173892874,640.5352847431521,1,1006.5677389669902,-15.171191730665113
682,2025-03-06 21:45:00,853.1223427826737,640.5352847431521,1,1006.5677389669902,-15.244418258605508
683,2025-03-06 22:00:00,852.3115607153986,640.5352847431521,1,1006.5677389669902,-15.324967439339943
684,2025-03-06 22:15:00,852.7243224951022,640.5352847431521,1,1006.5677389669902,-15.283960583693334
685,2025-03-06 22:30:00,854.758648409356,640.5352847431521,1,1006.5677389669902,-15.081855366577834
686,2025-03-06 22:45:00,852.1641457940759,640.5352847431521,1,1006.5677389669902,-15.339612744928022
687,2025-03-06 23:00:00,852.7685469714991,640.5352847431521,1,1006.5677389669902,-15.279566992016901
688,2025-03-06 23:15:00,852.6948395108377,640.5352847431521,1,1006.5677389669902,-15.286889644810941
689,2025-03-06 23:30:00,852.1346628098113,640.5352847431521,1,1006.5677389669902,-15.34254180604565
690,2025-03-06 23:45:00,852.7390639872345,640.5352847431521,1,1006.5677389669902,-15.282496053134519
691,2025-03-07 00:00:00,852.5916490659117,640.5352847431521,1,1006.5677389669902,-15.29714135872261
692,2025-03-07 00:15:00,851.7661255065045,640.5352847431521,1,1006.5677389669902,-15.379155070015837
693,2025-03-07 00:30:00,854.5080430431074,640.5352847431521,1,1006.5677389669902,-15.10675238607757
694,2025-03-07 00:45:00,849.4338740362574,849.4338740362574,0,1006.5677389669902,-15.610858449724851
695,2025-03-07 01:00:00,849.4338740362574,849.4338740362574,0,1006.5677389669902,-15.610858449724851
696,2025-03-07 01:15:00,849.4338740362574,849.4338740362574,0,1006.5677389669902,-15.610858449724851
697,2025-03-07 01:30:00,848.37736424268,637.0754055271931,1,1006.5677389669902,-15.715820068568476
698,2025-03-07 01:45:00,848.5295865150151,477.8065541453948,2,1006.5677389669902,-15.700697164620514
699,2025-03-07 02:00:00,850.8979986807532,477.8065541453948,2,1006.5677389669902,-15.465401309801175
700,2025-03-07 02:15:00,851.8293967234591,477.8065541453948,2,1006.5677389669902,-15.372869232063236
701,2025-03-07 02:30:00,853.5059132003298,477.8065541453948,2,1006.5677389669902,-15.20631149213495
702,2025-03-07 02:45:00,851.9890649593516,477.8065541453948,2,1006.5677389669902,-15.357006590165302
703,2025-03-07 03:00:00,854.1179747712509,477.8065541453948,2,1006.5677389669902,-15.14550469819287
704,2025-03-07 03:15:00,852.973685747355,477.8065541453948,2,1006.5677389669902,-15.259186965128057
705,2025-03-07 03:30:00,854.304254379792,477.8065541453948,2,1006.5677389669902,-15.126998282645287
706,2025-03-07 03:45:00,854.2776430071433,477.8065541453948,2,1006.5677389669902,-15.129642056294944
707,2025-03-07 04:00:00,854.1445861438997,477.8065541453948,2,1006.5677389669902,-15.14286092454321
708,2025-03-07 04:15:00,852.5212924123264,477.8065541453948,2,1006.5677389669902,-15.304131117172204
709,2025-03-07 04:30:00,853.2664108464912,477.8065541453948,2,1006.5677389669902,-15.230105454981846
710,2025-03-07 04:45:00,854.740619096229,638.4109261262096,1,1006.5677389669902,-15.08364653397065
711,2025-03-07 05:00:00,854.2835523458169,638.4109261262096,1,1006.5677389669902,-15.12905497820325
712,2025-03-07 05:15:00,853.4760677534223,638.4109261262096,1,1006.5677389669902,-15.209276563014152
713,2025-03-07 05:30:00,853.8874278287932,638.4109261262096,1,1006.5677389669902,-15.168408963204815
714,2025-03-07 05:45:00,856.2184682558945,638.4109261262096,1,1006.5677389669902,-14.936825897618622
715,2025-03-07 06:00:00,856.4470016311006,638.4109261262096,1,1006.5677389669902,-14.914121675502322
716,2025-03-07 06:15:00,856.4012949560595,478.8081945946572,2,1006.5677389669902,-14.918662519925585
717,2025-03-07 06:30:00,855.9513125597133,639.0579039308524,1,1006.5677389669902,-14.963367151211294
718,2025-03-07 06:45:00,856.1646103765722,639.0579039308524,1,1006.5677389669902,-14.942176543902763
719,2025-03-07 07:00:00,856.0341178193296,642.0255883644973,1,1006.5677389669902,-14.955140654731158
720,2025-03-07 07:15:00,855.483875415188,481.51919127337294,2,1006.5677389669902,-15.00980586829208
721,2025-03-07 07:30:00,854.3131208650507,694.4964623629296,1,1006.5677389669902,-15.126117419399298
722,2025-03-07 07:45:00,854.4577434724223,520.8723467721973,2,1006.5677389669902,-15.111749523253525
723,2025-03-07 08:00:00,854.8507476996125,390.65426007914795,3,1006.5677389669902,-15.072705531282004
724,2025-03-07 08:15:00,853.7585543684233,390.65426007914795,3,1006.5677389669902,-15.181212220788066
725,2025-03-07 08:30:00,854.4652677003692,390.65426007914795,3,1006.5677389669902,-15.111002009931207
726,2025-03-07 08:45:00,854.9792410326936,390.65426007914795,3,1006.5677389669902,-15.059940038398933
727,2025-03-07 09:00:00,856.4046426558499,565.049770560391,2,1006.5677389669902,-14.918329934282227
728,2025-03-07 09:15:00,854.713701361441,565.049770560391,2,1006.5677389669902,-15.086320743936454
729,2025-03-07 09:30:00,854.5124794746728,640.8843596060046,1,1006.5677389669902,-15.106311637641701
730,2025-03-07 09:45:00,854.175469634717,480.6632697045035,2,1006.5677389669902,-15.139792726584766
731,2025-03-07 10:00:00,855.3029545641655,480.6632697045035,2,1006.5677389669902,-15.02777990461558
732,2025-03-07 10:15:00,857.9641912599693,643.473143444977,1,1006.5677389669902,-14.763392661434604
733,2025-03-07 10:30:00,857.8152354195352,643.473143444977,1,1006.5677389669902,-14.7781910535018
734,2025-03-07 10:45:00,858.8132395504443,643.473143444977,1,1006.5677389669902,-14.679041826651606
735,2025-03-07 11:00:00,858.2918941089246,643.473143444977,1,1006.5677389669902,-14.730836198886788
736,2025-03-07 11:15:00,857.3981590663194,643.473143444977,1,1006.5677389669902,-14.819626551289932
737,2025-03-07 11:30:00,856.4895284396707,643.473143444977,1,1006.5677389669902,-14.909896742899809
738,2025-03-07 11:45:00,857.3087855620589,643.473143444977,1,1006.5677389669902,-14.828505586530238
739,2025-03-07 12:00:00,858.1131471004036,643.473143444977,1,1006.5677389669902,-14.748594269367409
740,2025-03-07 12:15:00,857.5769060748405,643.473143444977,1,1006.5677389669902,-14.801868480809288
741,2025-03-07 12:30:00,856.8917092088432,643.473143444977,1,1006.5677389669902,-14.869941084318372
742,2025-03-07 12:45:00,858.589805789793,643.473143444977,1,1006.5677389669902,-14.701239414752399
743,2025-03-07 13:00:00,859.617601088789,643.473143444977,1,1006.5677389669902,-14.599130509488777
744,2025-03-07 13:15:00,858.8281351344878,643.473143444977,1,1006.5677389669902,-14.677561987444887
745,2025-03-07 13:30:00,857.0704562173642,643.473143444977,1,1006.5677389669902,-14.852183013837749
746,2025-03-07 13:45:00,858.1727294365772,643.473143444977,1,1006.5677389669902,-14.742674912540533
747,2025-03-07 14:00:00,855.5989214697147,855.5989214697147,0,1006.5677389669902,-14.99837632906954
748,2025-03-07 14:15:00,855.5989214697147,855.5989214697147,0,1006.5677389669902,-14.99837632906954
749,2025-03-07 14:30:00,855.5989214697147,855.5989214697147,0,1006.5677389669902,-14.99837632906954
750,2025-03-07 14:45:00,855.5989214697147,855.5989214697147,0,1006.5677389669902,-14.99837632906954
751,2025-03-07 15:00:00,855.5989214697147,855.5989214697147,0,1006.5677389669902,-14.99837632906954
752,2025-03-07 15:15:00,855.5989214697147,855.5989214697147,0,1006.5677389669902,-14.99837632906954
753,2025-03-07 15:30:00,855.5989214697147,855.5989214697147,0,1006.5677389669902,-14.99837632906954
754,2025-03-07 15:45:00,855.5989214697147,855.5989214697147,0,1006.5677389669902,-14.99837632906954
755,2025-03-07 16:00:00,855.5989214697147,641.699191102286,1,1006.5677389669902,-14.99837632906954
756,2025-03-07 16:15:00,854.6544286554946,641.699191102286,1,1006.5677389669902,-15.092209339770768
757,2025-03-07 16:30:00,854.2116976488289,641.699191102286,1,1006.5677389669902,-15.136193563536981
758,2025-03-07 16:45:00,858.2110344090421,641.699191102286,1,1006.5677389669902,-14.738869408848931
759,2025-03-07 17:00:00,857.2517838945998,641.699191102286,1,1006.5677389669902,-14.834168560342375
760,2025-03-07 17:15:00,858.830857818374,641.699191102286,1,1006.5677389669902,-14.677291495576238
761,2025-03-07 17:30:00,857.9294205945522,481.2743933267145,2,1006.5677389669902,-14.766847040516218
762,2025-03-07 17:45:00,857.8272159910747,481.2743933267145,2,1006.5677389669902,-14.77700081353326
763,2025-03-07 18:00:00,857.5241264773136,481.2743933267145,2,1006.5677389669902,-14.807112002480372
764,2025-03-07 18:15:00,857.6439525641495,481.2743933267145,2,1006.5677389669902,-14.795207578943137
765,2025-03-07 18:30:00,855.3474099728342,641.8018644107381,1,1006.5677389669902,-15.023363370392618
766,2025-03-07 18:45:00,854.0192169528372,641.8018644107381,1,1006.5677389669902,-15.155316041691236
767,2025-03-07 19:00:00,853.4917029583951,853.4917029583951,0,1006.5677389669902,-15.207723244308657
768,2025-03-07 19:15:00,853.4917029583951,853.4917029583951,0,1006.5677389669902,-15.207723244308657
769,2025-03-07 19:30:00,853.4917029583951,853.4917029583951,0,1006.5677389669902,-15.207723244308657
770,2025-03-07 19:45:00,853.4917029583951,853.4917029583951,0,1006.5677389669902,-15.207723244308657
771,2025-03-07 20:00:00,853.4917029583951,853.4917029583951,0,1006.5677389669902,-15.207723244308657
772,2025-03-07 20:15:00,853.4917029583951,853.4917029583951,0,1006.5677389669902,-15.207723244308657
773,2025-03-07 20:30:00,853.4917029583951,853.4917029583951,0,1006.5677389669902,-15.207723244308657
774,2025-03-07 20:45:00,853.4917029583951,853.4917029583951,0,1006.5677389669902,-15.207723244308657
775,2025-03-07 21:00:00,853.4917029583951,853.4917029583951,0,1006.5677389669902,-15.207723244308657
776,2025-03-07 21:15:00,853.4917029583951,853.4917029583951,0,1006.5677389669902,-15.207723244308657
777,2025-03-07 21:30:00,853.4917029583951,853.4917029583951,0,1006.5677389669902,-15.207723244308657
778,2025-03-07 21:45:00,853.4917029583951,853.4917029583951,0,1006.5677389669902,-15.207723244308657
779,2025-03-07 22:00:00,853.4917029583951,853.4917029583951,0,1006.5677389669902,-15.207723244308657
780,2025-03-07 22:15:00,853.4917029583951,853.4917029583951,0,1006.5677389669902,-15.207723244308657
781,2025-03-07 22:30:00,853.4917029583951,853.4917029583951,0,1006.5677389669902,-15.207723244308657
782,2025-03-07 22:45:00,853.4917029583951,853.4917029583951,0,1006.5677389669902,-15.207723244308657
783,2025-03-07 23:00:00,853.4917029583951,853.4917029583951,0,1006.5677389669902,-15.207723244308657
784,2025-03-07 23:15:00,853.4917029583951,853.4917029583951,0,1006.5677389669902,-15.207723244308657
785,2025-03-07 23:30:00,853.4917029583951,853.4917029583951,0,1006.5677389669902,-15.207723244308657
786,2025-03-07 23:45:00,853.4917029583951,853.4917029583951,0,1006.5677389669902,-15.207723244308657
787,2025-03-08 00:00:00,853.4917029583951,853.4917029583951,0,1006.5677389669902,-15.207723244308657
788,2025-03-08 00:15:00,853.4917029583951,853.4917029583951,0,1006.5677389669902,-15.207723244308657
789,2025-03-08 00:30:00,853.4917029583951,853.4917029583951,0,1006.5677389669902,-15.207723244308657
790,2025-03-08 00:45:00,853.4917029583951,853.4917029583951,0,1006.5677389669902,-15.207723244308657
791,2025-03-08 01:00:00,853.4917029583951,853.4917029583951,0,1006.5677389669902,-15.207723244308657
792,2025-03-08 01:15:00,853.4917029583951,853.4917029583951,0,1006.5677389669902,-15.207723244308657
793,2025-03-08 01:30:00,853.4917029583951,853.4917029583951,0,1006.5677389669902,-15.207723244308657
794,2025-03-08 01:45:00,853.4917029583951,853.4917029583951,0,1006.5677389669902,-15.207723244308657
795,2025-03-08 02:00:00,853.4917029583951,853.4917029583951,0,1006.5677389669902,-15.207723244308657
796,2025-03-08 02:15:00,853.4917029583951,853.4917029583951,0,1006.5677389669902,-15.207723244308657
797,2025-03-08 02:30:00,853.4917029583951,853.4917029583951,0,1006.5677389669902,-15.207723244308657
798,2025-03-08 02:45:00,853.4917029583951,853.4917029583951,0,1006.5677389669902,-15.207723244308657
799,2025-03-08 03:00:00,853.4917029583951,853.4917029583951,0,1006.5677389669902,-15.207723244308657
800,2025-03-08 03:15:00,853.4917029583951,853.4917029583951,0,1006.5677389669902,-15.207723244308657
801,2025-03-08 03:30:00,853.4917029583951,853.4917029583951,0,1006.5677389669902,-15.207723244308657
802,2025-03-08 03:45:00,853.4917029583951,853.4917029583951,0,1006.5677389669902,-15.207723244308657
803,2025-03-08 04:00:00,853.4917029583951,853.4917029583951,0,1006.5677389669902,-15.207723244308657
804,2025-03-08 04:15:00,853.4917029583951,853.4917029583951,0,1006.5677389669902,-15.207723244308657
805,2025-03-08 04:30:00,853.4917029583951,853.4917029583951,0,1006.5677389669902,-15.207723244308657
806,2025-03-08 04:45:00,853.4917029583951,853.4917029583951,0,1006.5677389669902,-15.207723244308657
807,2025-03-08 05:00:00,853.4917029583951,853.4917029583951,0,1006.5677389669902,-15.207723244308657
808,2025-03-08 05:15:00,853.4917029583951,853.4917029583951,0,1006.5677389669902,-15.207723244308657
809,2025-03-08 05:30:00,853.4917029583951,853.4917029583951,0,1006.5677389669902,-15.207723244308657
810,2025-03-08 05:45:00,853.4917029583951,853.4917029583951,0,1006.5677389669902,-15.207723244308657
811,2025-03-08 06:00:00,853.4917029583951,853.4917029583951,0,1006.5677389669902,-15.207723244308657
812,2025-03-08 06:15:00,853.4917029583951,853.4917029583951,0,1006.5677389669902,-15.207723244308657
813,2025-03-08 06:30:00,853.4917029583951,853.4917029583951,0,1006.5677389669902,-15.207723244308657
814,2025-03-08 06:45:00,853.4917029583951,853.4917029583951,0,1006.5677389669902,-15.207723244308657
815,2025-03-08 07:00:00,853.4917029583951,853.4917029583951,0,1006.5677389669902,-15.207723244308657
816,2025-03-08 07:15:00,853.4917029583951,853.4917029583951,0,1006.5677389669902,-15.207723244308657
817,2025-03-08 07:30:00,853.4917029583951,853.4917029583951,0,1006.5677389669902,-15.207723244308657
818,2025-03-08 07:45:00,853.4917029583951,853.4917029583951,0,1006.5677389669902,-15.207723244308657
819,2025-03-08 08:00:00,853.4917029583951,853.4917029583951,0,1006.5677389669902,-15.207723244308657
820,2025-03-08 08:15:00,853.4917029583951,853.4917029583951,0,1006.5677389669902,-15.207723244308657
821,2025-03-08 08:30:00,853.4917029583951,853.4917029583951,0,1006.5677389669902,-15.207723244308657
822,2025-03-08 08:45:00,852.4301461139196,640.1187772187964,1,1006.5677389669902,-15.31318627509931
823,2025-03-08 09:00:00,853.0144329054907,640.1187772187964,1,1006.5677389669902,-15.255138836367488
824,2025-03-08 09:15:00,851.387962989375,480.0890829140973,2,1006.5677389669902,-15.416724575026763
825,2025-03-08 09:30:00,852.8686357274942,480.0890829140973,2,1006.5677389669902,-15.2696234231819
826,2025-03-08 09:45:00,854.0531739179896,480.0890829140973,2,1006.5677389669902,-15.151942501706007
827,2025-03-08 10:00:00,852.1148386971789,480.0890829140973,2,1006.5677389669902,-15.34451128230293
828,2025-03-08 10:15:00,850.7639159418461,360.066812185573,3,1006.5677389669902,-15.478722096243692
829,2025-03-08 10:30:00,850.1381668174848,270.05010913917977,4,1006.5677389669902,-15.540888714558276
830,2025-03-08 10:45:00,853.041552569683,270.05010913917977,4,1006.5677389669902,-15.252444565217882
831,2025-03-08 11:00:00,852.9153184065439,270.05010913917977,4,1006.5677389669902,-15.264985615189207
832,2025-03-08 11:15:00,852.242069536469,270.05010913917977,4,1006.5677389669902,-15.331871215036251
833,2025-03-08 11:30:00,846.5395341723915,687.9294566338981,1,1006.5677389669902,-15.898403912570325
834,2025-03-08 11:45:00,844.5224602057071,634.1806270286942,1,1006.5677389669902,-16.098795191626657
835,2025-03-08 12:00:00,843.5035953809794,475.6354702715206,2,1006.5677389669902,-16.200016876495425
836,2025-03-08 12:15:00,843.9056664893353,356.7266027036405,3,1006.5677389669902,-16.160072112443224
837,2025-03-08 12:30:00,843.0363378960859,267.54495202773035,4,1006.5677389669902,-16.24643774483887
838,2025-03-08 12:45:00,845.9299402880495,267.54495202773035,4,1006.5677389669902,-15.958965547991678
839,2025-03-08 13:00:00,845.38189543722,478.17814691415754,3,1006.5677389669902,-16.013412440099696
840,2025-03-08 13:15:00,844.3977915189704,478.17814691415754,3,1006.5677389669902,-16.11118071541314
841,2025-03-08 13:30:00,844.4775837285582,478.17814691415754,3,1006.5677389669902,-16.103253557955288
842,2025-03-08 13:45:00,845.1425188084565,478.17814691415754,3,1006.5677389669902,-16.037193912473235
843,2025-03-08 14:00:00,845.2223110180444,478.17814691415754,3,1006.5677389669902,-16.029266755015392
844,2025-03-08 14:15:00,844.2648045029907,478.17814691415754,3,1006.5677389669902,-16.124392644509555
845,2025-03-08 14:30:00,843.9722330678355,478.17814691415754,3,1006.5677389669902,-16.153458888521644
846,2025-03-08 14:45:00,844.5307785349501,478.17814691415754,3,1006.5677389669902,-16.09796878631673
847,2025-03-08 15:00:00,844.5307785349501,478.17814691415754,3,1006.5677389669902,-16.09796878631673
848,2025-03-08 15:15:00,842.6157655048428,478.17814691415754,3,1006.5677389669902,-16.288220565305057
849,2025-03-08 15:30:00,841.451822202079,595.5867065625916,2,1006.5677389669902,-16.403855435935643
850,2025-03-08 15:45:00,841.9913155804571,595.5867065625916,2,1006.5677389669902,-16.350258111335148
851,2025-03-08 16:00:00,842.6207245218982,595.5867065625916,2,1006.5677389669902,-16.28772789930123
852,2025-03-08 16:15:00,842.3329947200965,595.5867065625916,2,1006.5677389669902,-16.316313139088166
853,2025-03-08 16:30:00,841.002244386764,595.5867065625916,2,1006.5677389669902,-16.44851987310273
854,2025-03-08 16:45:00,839.703593909445,839.703593909445,0,1006.5677389669902,-16.57753756630357
855,2025-03-08 17:00:00,838.6591864543337,629.7776954320838,1,1006.5677389669902,-16.68129684793752
856,2025-03-08 17:15:00,838.0140807761959,472.33327157406285,2,1006.5677389669902,-16.745386491700575
857,2025-03-08 17:30:00,835.227116015031,470.90924307057065,2,1006.5677389669902,-17.022264505298057
858,2025-03-08 17:45:00,837.8131291911279,353.181932302928,3,1006.5677389669902,-16.76535053160456
859,2025-03-08 18:00:00,837.9194701500705,353.181932302928,3,1006.5677389669902,-16.754785821965466
860,2025-03-08 18:15:00,838.2384930268987,353.181932302928,3,1006.5677389669902,-16.723091693048165
861,2025-03-08 18:30:00,838.7701978216122,353.181932302928,3,1006.5677389669902,-16.670268144852674
862,2025-03-08 18:45:00,838.040723502435,562.546892688174,2,1006.5677389669902,-16.742739603149747
863,2025-03-08 19:00:00,837.6594183483223,719.8580801196064,1,1006.5677389669902,-16.780621321324418
864,2025-03-08 19:15:00,837.8307782119177,719.8580801196064,1,1006.5677389669902,-16.763597145309074
865,2025-03-08 19:30:00,837.7879382460189,539.8935600897048,2,1006.5677389669902,-16.76785318931291
866,2025-03-08 19:45:00,837.7095811470665,539.4620845621703,2,1006.5677389669902,-16.77563777210044
867,2025-03-08 20:00:00,837.6307946667879,404.5965634216277,3,1006.5677389669902,-16.783465012854194
868,2025-03-08 20:15:00,837.6307946667879,303.4474225662208,4,1006.5677389669902,-16.783465012854194
869,2025-03-08 20:30:00,838.2711527064808,303.4474225662208,4,1006.5677389669902,-16.71984703515602
870,2025-03-08 20:45:00,838.7508876441876,438.78068539858026,3,1006.5677389669902,-16.672186562925994
871,2025-03-08 21:00:00,838.9372737257827,438.78068539858026,3,1006.5677389669902,-16.65366956954547
872,2025-03-08 21:15:00,838.9838702461816,438.78068539858026,3,1006.5677389669902,-16.649040321200324
873,2025-03-08 21:30:00,838.6227472130911,438.78068539858026,3,1006.5677389669902,-16.68491699587511
874,2025-03-08 21:45:00,838.0053433178073,438.78068539858026,3,1006.5677389669902,-16.746254536448124
875,2025-03-08 22:00:00,838.6576946033902,438.78068539858026,3,1006.5677389669902,-16.68144505961625
876,2025-03-08 22:15:00,839.1617952295524,540.5291202966276,2,1006.5677389669902,-16.631363916872743
877,2025-03-08 22:30:00,839.4112857504343,540.5291202966276,2,1006.5677389669902,-16.606577654485864
878,2025-03-08 22:45:00,838.8440344899393,405.3968402224707,3,1006.5677389669902,-16.662932655598585
879,2025-03-08 23:00:00,838.5914919787458,304.047630166853,4,1006.5677389669902,-16.688022125627956
880,2025-03-08 23:15:00,838.8096502925825,304.047630166853,4,1006.5677389669902,-16.66634864004013
881,2025-03-08 23:30:00,838.4308568047916,438.63884005052284,3,1006.5677389669902,-16.703980830416075
882,2025-03-08 23:45:00,838.314462924374,438.63884005052284,3,1006.5677389669902,-16.715544272786786
883,2025-03-09 00:00:00,838.1533021668727,438.63884005052284,3,1006.5677389669902,-16.73155519299239
884,2025-03-09 00:15:00,838.2368670040955,438.63884005052284,3,1006.5677389669902,-16.723253234367263
885,2025-03-09 00:30:00,838.3771365522912,438.63884005052284,3,1006.5677389669902,-16.709317803817946
886,2025-03-09 00:45:00,838.5233750174312,438.63884005052284,3,1006.5677389669902,-16.694789376223973
887,2025-03-09 01:00:00,838.6069398546542,438.63884005052284,3,1006.5677389669902,-16.68648741759884
888,2025-03-09 01:15:00,838.6009709377097,438.63884005052284,3,1006.5677389669902,-16.687080414643496
889,2025-03-09 01:30:00,838.5890331038207,438.63884005052284,3,1006.5677389669902,-16.6882664087328
890,2025-03-09 01:45:00,838.5741108114595,438.63884005052284,3,1006.5677389669902,-16.689748901344426
891,2025-03-09 02:00:00,838.5591885190983,438.63884005052284,3,1006.5677389669902,-16.691231393956063
892,2025-03-09 02:15:00,838.5293439343758,438.63884005052284,3,1006.5677389669902,-16.694196379179317
893,2025-03-09 02:30:00,838.5144216420146,438.63884005052284,3,1006.5677389669902,-16.695678871790943
894,2025-03-09 02:45:00,838.50845272507,438.63884005052284,3,1006.5677389669902,-16.6962718688356
895,2025-03-09 03:00:00,838.3831054692357,438.63884005052284,3,1006.5677389669902,-16.70872480677329
896,2025-03-09 03:15:00,838.290587256596,438.63884005052284,3,1006.5677389669902,-16.717916260965392
897,2025-03-09 03:30:00,838.290587256596,438.63884005052284,3,1006.5677389669902,-16.717916260965392
898,2025-03-09 03:45:00,838.3950433031246,438.63884005052284,3,1006.5677389669902,-16.707538812683996
899,2025-03-09 04:00:00,838.5472506852092,438.63884005052284,3,1006.5677389669902,-16.692417388045367
900,2025-03-09 04:15:00,838.5323283928481,438.63884005052284,3,1006.5677389669902,-16.693899880656993
901,2025-03-09 04:30:00,838.520390558959,438.63884005052284,3,1006.5677389669902,-16.695085874746308
902,2025-03-09 04:45:00,838.5323283928481,438.63884005052284,3,1006.5677389669902,-16.693899880656993
903,2025-03-09 05:00:00,838.1163304959462,539.8732109377321,2,1006.5677389669902,-16.735228236494105
904,2025-03-09 05:15:00,838.020035908939,539.8732109377321,2,1006.5677389669902,-16.744794864082024
905,2025-03-09 05:30:00,838.1907399495426,539.8732109377321,2,1006.5677389669902,-16.72783584244889
906,2025-03-09 05:45:00,837.1891209209571,837.1891209209571,0,1006.5677389669902,-16.827344200387472
907,2025-03-09 06:00:00,837.1891209209571,837.1891209209571,0,1006.5677389669902,-16.827344200387472
908,2025-03-09 06:15:00,837.1891209209571,837.1891209209571,0,1006.5677389669902,-16.827344200387472
909,2025-03-09 06:30:00,837.1891209209571,627.8918406907178,1,1006.5677389669902,-16.827344200387472
910,2025-03-09 06:45:00,836.8120914470105,470.91888051803835,2,1006.5677389669902,-16.86480114037777
911,2025-03-09 07:00:00,836.4956319733587,470.91888051803835,2,1006.5677389669902,-16.89624060156858
912,2025-03-09 07:15:00,837.2076657890752,470.91888051803835,2,1006.5677389669902,-16.825501813889254
913,2025-03-09 07:30:00,835.4842967028517,679.1097300540342,1,1006.5677389669902,-16.996714243962973
914,2025-03-09 07:45:00,835.4699578391667,626.6024683793751,1,1006.5677389669902,-16.998138774387495
915,2025-03-09 08:00:00,834.8285583593698,469.9518512845313,2,1006.5677389669902,-17.061860216568338
916,2025-03-09 08:15:00,835.323870262049,352.46388846339846,3,1006.5677389669902,-17.01265221163193
917,2025-03-09 08:30:00,836.5638909757099,264.34791634754885,4,1006.5677389669902,-16.889459239549055
918,2025-03-09 08:45:00,835.5045666215506,264.34791634754885,4,1006.5677389669902,-16.994700477982395
919,2025-03-09 09:00:00,837.5009855966971,264.34791634754885,4,1006.5677389669902,-16.79636122093493
920,2025-03-09 09:15:00,836.400917998147,264.34791634754885,4,1006.5677389669902,-16.90565019930802
921,2025-03-09 09:30:00,837.4194991079155,264.34791634754885,4,1006.5677389669902,-16.80445670081443
922,2025-03-09 09:45:00,837.3380126191341,264.34791634754885,4,1006.5677389669902,-16.812552180693906
923,2025-03-09 10:00:00,838.4780269077312,540.1912020768664,2,1006.5677389669902,-16.69929459807289
924,2025-03-09 10:15:00,839.0855178146728,839.0855178146728,0,1006.5677389669902,-16.63894188822297
925,2025-03-09 10:30:00,838.0418791109232,629.3141383610046,1,1006.5677389669902,-16.742624796322193
926,2025-03-09 10:45:00,835.3244346647195,627.2735169400073,1,1006.5677389669902,-17.012596139631142
927,2025-03-09 11:00:00,834.4732620030754,627.2735169400073,1,1006.5677389669902,-17.097158025403246
928,2025-03-09 11:15:00,832.0381368722634,624.8057242017121,1,1006.5677389669902,-17.33908164728597
929,2025-03-09 11:30:00,831.6113788569029,468.6042931512841,2,1006.5677389669902,-17.381478994115163
930,2025-03-09 11:45:00,831.5048236104933,468.6042931512841,2,1006.5677389669902,-17.392064992680833
931,2025-03-09 12:00:00,829.9896240437741,351.45321986346306,3,1006.5677389669902,-17.542596299026314
932,2025-03-09 12:15:00,831.6448500517572,351.45321986346306,3,1006.5677389669902,-17.378153714200206
933,2025-03-09 12:30:00,825.5636950941523,619.9438457556337,1,1006.5677389669902,-17.982301326147887
934,2025-03-09 12:45:00,825.0969045649242,464.9578843167253,2,1006.5677389669902,-18.028675803608007
935,2025-03-09 13:00:00,825.343446143735,348.718413237544,3,1006.5677389669902,-18.0041825112774
936,2025-03-09 13:15:00,824.3245661530023,348.718413237544,3,1006.5677389669902,-18.10540570285102
937,2025-03-09 13:30:00,820.6741736759502,615.9823902500954,1,1006.5677389669902,-18.468063111362664
938,2025-03-09 13:45:00,821.282741487533,615.9823902500954,1,1006.5677389669902,-18.407603413716544
939,2025-03-09 14:00:00,820.0656058643675,615.9823902500954,1,1006.5677389669902,-18.528522809008773
940,2025-03-09 14:15:00,818.3185598192664,818.3185598192664,0,1006.5677389669902,-18.702087486026343
941,2025-03-09 14:30:00,818.3185598192664,818.3185598192664,0,1006.5677389669902,-18.702087486026343
942,2025-03-09 14:45:00,818.3185598192664,818.3185598192664,0,1006.5677389669902,-18.702087486026343
943,2025-03-09 15:00:00,818.3185598192664,818.3185598192664,0,1006.5677389669902,-18.702087486026343
944,2025-03-09 15:15:00,818.3185598192664,818.3185598192664,0,1006.5677389669902,-18.702087486026343
945,2025-03-09 15:30:00,818.3185598192664,818.3185598192664,0,1006.5677389669902,-18.702087486026343
946,2025-03-09 15:45:00,817.3007506652624,613.7389198644498,1,1006.5677389669902,-18.803204292635755
947,2025-03-09 16:00:00,814.9928014118634,460.30418989833737,2,1006.5677389669902,-19.032493307577525
948,2025-03-09 16:15:00,811.7941692921603,495.5800783650785,2,1006.5677389669902,-19.350269448802326
949,2025-03-09 16:30:00,814.1278526200354,495.5800783650785,2,1006.5677389669902,-19.118423817601194
950,2025-03-09 16:45:00,812.4748269294571,495.5800783650785,2,1006.5677389669902,-19.28264780636867
951,2025-03-09 17:00:00,808.9835906379558,808.9835906379558,0,1006.5677389669902,-19.629493443909595
952,2025-03-09 17:15:00,808.9835906379558,808.9835906379558,0,1006.5677389669902,-19.629493443909595
953,2025-03-09 17:30:00,808.9835906379558,808.9835906379558,0,1006.5677389669902,-19.629493443909595
954,2025-03-09 17:45:00,808.9835906379558,808.9835906379558,0,1006.5677389669902,-19.629493443909595
955,2025-03-09 18:00:00,808.9835906379558,808.9835906379558,0,1006.5677389669902,-19.629493443909595
956,2025-03-09 18:15:00,808.9835906379558,808.9835906379558,0,1006.5677389669902,-19.629493443909595
957,2025-03-09 18:30:00,808.9835906379558,808.9835906379558,0,1006.5677389669902,-19.629493443909595
958,2025-03-09 18:45:00,807.9773921421374,606.7376929784668,1,1006.5677389669902,-19.729456760521646
959,2025-03-09 19:00:00,804.807239476727,455.05326973385013,2,1006.5677389669902,-20.044403538834242
960,2025-03-09 19:15:00,807.4008709973825,455.05326973385013,2,1006.5677389669902,-19.786732701567267
961,2025-03-09 19:30:00,808.3941766861442,455.05326973385013,2,1006.5677389669902,-19.688050253252253
962,2025-03-09 19:45:00,809.1943396020912,455.05326973385013,2,1006.5677389669902,-19.608556058776262
963,2025-03-09 20:00:00,811.8431547721225,455.05326973385013,2,1006.5677389669902,-19.345402863269555
964,2025-03-09 20:15:00,811.0154000314876,455.05326973385013,2,1006.5677389669902,-19.42763823686541
965,2025-03-09 20:30:00,813.8297661496458,455.05326973385013,2,1006.5677389669902,-19.14803796663953
966,2025-03-09 20:45:00,812.6433176880694,455.05326973385013,2,1006.5677389669902,-19.265908668793575
967,2025-03-09 21:00:00,811.5672365252442,455.05326973385013,2,1006.5677389669902,-19.372814654468172
968,2025-03-09 21:15:00,809.4150741995938,455.05326973385013,2,1006.5677389669902,-19.58662662581737
969,2025-03-09 21:30:00,807.8975238417634,455.05326973385013,2,1006.5677389669902,-19.73739147740976
970,2025-03-09 21:45:00,806.9869936270651,455.05326973385013,2,1006.5677389669902,-19.8278503883652
971,2025-03-09 22:00:00,808.5321358095835,455.05326973385013,2,1006.5677389669902,-19.674344357652927
972,2025-03-09 22:15:00,807.7595647183243,455.05326973385013,2,1006.5677389669902,-19.751097373009053
973,2025-03-09 22:30:00,805.8005451654886,455.05326973385013,2,1006.5677389669902,-19.945721090519232
974,2025-03-09 22:45:00,804.8624231261026,455.05326973385013,2,1006.5677389669902,-20.038921180594528
975,2025-03-09 23:00:00,805.745361516113,455.05326973385013,2,1006.5677389669902,-19.95120344875896
976,2025-03-09 23:15:00,805.441851444547,455.05326973385013,2,1006.5677389669902,-19.981356419077436
977,2025-03-09 23:30:00,805.8281369901765,455.05326973385013,2,1006.5677389669902,-19.942979911399373
978,2025-03-09 23:45:00,804.2136609981412,341.2899523003876,3,1006.5677389669902,-20.1033740835484
979,2025-03-10 00:00:00,801.2553319721437,341.2899523003876,3,1006.5677389669902,-20.39727671041318
980,2025-03-10 00:15:00,802.3282677850032,255.9674642252907,4,1006.5677389669902,-20.290683207430405
981,2025-03-10 00:30:00,803.6687652056878,255.9674642252907,4,1006.5677389669902,-20.157508124543256
982,2025-03-10 00:45:00,800.8580448074781,255.9674642252907,4,1006.5677389669902,-20.436746201564702
983,2025-03-10 01:00:00,804.9660207740924,255.9674642252907,4,1006.5677389669902,-20.028629012071807
984,2025-03-10 01:15:00,806.4668901000064,341.0961685042054,3,1006.5677389669902,-19.879521379489194
985,2025-03-10 01:30:00,805.8460062303526,341.0961685042054,3,1006.5677389669902,-19.94120464685588
986,2025-03-10 01:45:00,806.2842771971671,341.0961685042054,3,1006.5677389669902,-19.897663516949983
987,2025-03-10 02:00:00,806.7590707445493,341.0961685042054,3,1006.5677389669902,-19.85049395955194
988,2025-03-10 02:15:00,806.2112320360313,341.0961685042054,3,1006.5677389669902,-19.9049203719343
989,2025-03-10 02:30:00,807.3069094530674,341.0961685042054,3,1006.5677389669902,-19.79606754716956
990,2025-03-10 02:45:00,809.0599933203251,341.0961685042054,3,1006.5677389669902,-19.621903027545983
991,2025-03-10 03:00:00,808.8773804174859,341.0961685042054,3,1006.5677389669902,-19.640045165006757
992,2025-03-10 03:15:00,807.1242965502281,341.0961685042054,3,1006.5677389669902,-19.814209684630345
993,2025-03-10 03:30:00,804.3120578465021,341.0961685042054,3,1006.5677389669902,-20.09359860152651
994,2025-03-10 03:45:00,803.0843121082077,255.82212637815405,4,1006.5677389669902,-20.215572085353283
995,2025-03-10 04:00:00,804.1368970804788,255.40580213239167,4,1006.5677389669902,-20.11100038773943
996,2025-03-10 04:15:00,802.5820510027038,255.40580213239167,4,1006.5677389669902,-20.265470476297075
997,2025-03-10 04:30:00,806.3827858594873,255.40580213239167,4,1006.5677389669902,-19.88787692648948
