,timestamp,open,high,low,close,num_data_points
0,2025-02-27 19:15:00,138.36,138.36,137.74,137.74,5
1,2025-02-27 19:30:00,137.48,137.65,137.01,137.01,5
2,2025-02-27 19:45:00,136.28,136.28,135.71,135.81,5
3,2025-02-27 20:00:00,136.29,136.29,135.99,136.17,5
4,2025-02-27 20:15:00,135.76,135.76,134.86,134.92,5
5,2025-02-27 20:30:00,135.32,136.9,135.32,136.42,5
6,2025-02-27 20:45:00,136.53,136.75,136.32,136.32,5
7,2025-02-27 21:00:00,135.85,136.72,135.85,136.55,5
8,2025-02-27 21:15:00,136.52,136.52,135.37,136.4,5
9,2025-02-27 21:30:00,137.43,137.43,136.68,136.68,5
10,2025-02-27 21:45:00,136.71,137.53,136.71,137.47,5
11,2025-02-27 22:00:00,137.48,137.48,137.02,137.02,5
12,2025-02-27 22:15:00,136.87,136.92,136.06,136.92,5
13,2025-02-27 22:30:00,136.91,137.02,136.5,136.5,5
14,2025-02-27 22:45:00,136.56,136.88,136.52,136.85,5
15,2025-02-27 23:00:00,136.91,137.8,136.91,137.8,5
16,2025-02-27 23:15:00,137.26,137.39,136.9,136.9,5
17,2025-02-27 23:30:00,137.07,137.25,136.88,137.07,5
18,2025-02-27 23:45:00,136.87,137.59,136.87,137.52,5
19,2025-02-28 00:00:00,137.31,137.62,137.31,137.62,5
20,2025-02-28 00:15:00,137.71,137.71,137.17,137.17,5
21,2025-02-28 00:30:00,137.18,137.59,137.07,137.07,5
22,2025-02-28 00:45:00,136.86,137.26,136.86,136.94,5
23,2025-02-28 01:00:00,137.07,137.07,136.19,136.19,5
24,2025-02-28 01:15:00,135.97,136.44,135.97,136.44,5
25,2025-02-28 01:30:00,135.75,135.79,133.83,133.83,5
26,2025-02-28 01:45:00,132.65,132.65,130.6,132.03,5
27,2025-02-28 02:00:00,132.6,132.6,131.21,131.48,5
28,2025-02-28 02:15:00,130.61,131.98,130.61,131.27,5
29,2025-02-28 02:30:00,131.2,131.2,130.64,130.87,5
30,2025-02-28 02:45:00,129.14,129.28,128.7,128.7,5
31,2025-02-28 03:00:00,128.75,129.17,128.25,129.07,5
32,2025-02-28 03:15:00,129.51,130.78,129.51,130.39,5
33,2025-02-28 03:30:00,130.63,130.63,129.1,129.1,5
34,2025-02-28 03:45:00,128.85,128.85,127.93,128.76,5
35,2025-02-28 04:00:00,128.2,128.2,127.4,127.4,5
36,2025-02-28 04:15:00,126.76,126.89,126.53,126.53,5
37,2025-02-28 04:30:00,127.54,127.76,127.22,127.34,5
38,2025-02-28 04:45:00,126.76,127.58,125.57,127.58,5
39,2025-02-28 05:00:00,128.42,128.54,128.15,128.15,5
40,2025-02-28 05:15:00,127.94,128.3,127.29,127.33,5
41,2025-02-28 05:30:00,126.41,127.83,126.41,126.61,5
42,2025-02-28 05:45:00,126.33,127.33,126.33,127.33,5
43,2025-02-28 06:00:00,127.07,127.49,126.41,127.49,5
44,2025-02-28 06:15:00,128.04,128.11,127.18,127.18,5
45,2025-02-28 06:30:00,126.88,127.14,126.58,126.58,5
46,2025-02-28 06:45:00,127.06,127.38,126.59,126.84,5
47,2025-02-28 07:00:00,126.35,128.06,126.32,128.06,5
48,2025-02-28 07:15:00,128.49,129.0,128.49,128.69,5
49,2025-02-28 07:30:00,128.84,129.0,127.8,127.8,5
50,2025-02-28 07:45:00,128.01,128.15,127.56,128.02,5
51,2025-02-28 08:00:00,127.72,128.28,127.39,128.28,5
52,2025-02-28 08:15:00,128.53,128.85,128.07,128.07,5
53,2025-02-28 08:30:00,128.04,129.9,128.04,129.9,5
54,2025-02-28 08:45:00,130.35,130.35,129.44,129.44,5
55,2025-02-28 09:00:00,129.19,130.98,129.19,130.98,5
56,2025-02-28 09:15:00,131.38,131.38,130.88,131.24,5
57,2025-02-28 09:30:00,131.58,132.74,131.2,132.74,5
58,2025-02-28 09:45:00,132.75,132.75,132.34,132.51,5
59,2025-02-28 10:00:00,132.32,132.69,132.09,132.52,5
60,2025-02-28 10:15:00,132.3,132.3,131.3,131.59,5
61,2025-02-28 10:30:00,131.24,131.24,130.98,131.02,5
62,2025-02-28 10:45:00,130.88,130.88,130.28,130.51,5
63,2025-02-28 11:00:00,130.58,130.93,130.03,130.31,5
64,2025-02-28 11:15:00,130.79,131.25,130.79,131.25,5
65,2025-02-28 11:30:00,131.82,133.12,131.82,133.12,5
66,2025-02-28 11:45:00,133.18,133.81,133.05,133.81,5
67,2025-02-28 12:00:00,134.21,134.23,133.45,133.45,5
68,2025-02-28 12:15:00,133.71,133.71,133.0,133.31,5
69,2025-02-28 12:30:00,133.74,133.74,133.2,133.2,5
70,2025-02-28 12:45:00,133.11,133.88,133.11,133.5,5
71,2025-02-28 13:00:00,133.58,135.34,133.58,135.34,5
72,2025-02-28 13:15:00,135.22,137.21,135.22,137.14,5
73,2025-02-28 13:30:00,137.11,137.95,136.92,136.92,5
74,2025-02-28 13:45:00,138.41,139.03,137.72,137.72,5
75,2025-02-28 14:00:00,137.77,137.86,137.3,137.86,5
76,2025-02-28 14:15:00,141.44,144.87,141.44,142.9,5
77,2025-02-28 14:30:00,143.47,144.62,142.96,144.62,5
78,2025-02-28 14:45:00,143.9,145.46,143.22,145.46,5
79,2025-02-28 15:00:00,145.57,146.83,144.27,144.27,5
80,2025-02-28 15:15:00,144.44,144.98,144.44,144.9,5
81,2025-02-28 15:30:00,145.55,146.8,145.48,146.8,5
82,2025-02-28 15:45:00,147.51,147.51,145.21,145.43,5
83,2025-02-28 16:00:00,146.0,146.0,145.31,145.31,5
84,2025-02-28 16:15:00,145.4,145.4,144.54,144.54,5
85,2025-02-28 16:30:00,145.15,145.24,144.58,144.58,5
86,2025-02-28 16:45:00,144.91,146.24,144.88,146.24,5
87,2025-02-28 17:00:00,145.63,145.63,144.97,145.23,5
88,2025-02-28 17:15:00,145.2,145.93,145.2,145.92,5
89,2025-02-28 17:30:00,146.0,146.23,145.71,145.82,5
90,2025-02-28 17:45:00,145.41,145.41,144.18,144.18,5
91,2025-02-28 18:00:00,144.01,144.37,143.92,144.2,5
92,2025-02-28 18:15:00,145.24,145.71,144.56,145.71,5
93,2025-02-28 18:30:00,145.28,145.28,144.64,144.97,5
94,2025-02-28 18:45:00,145.9,146.52,145.9,146.35,5
95,2025-02-28 19:00:00,146.33,146.79,146.1,146.1,5
96,2025-02-28 19:15:00,146.76,146.8,146.11,146.11,5
97,2025-02-28 19:30:00,146.19,146.69,146.14,146.69,5
98,2025-02-28 19:45:00,146.78,146.78,146.36,146.74,5
99,2025-02-28 20:00:00,146.74,146.74,146.18,146.34,5
100,2025-02-28 20:15:00,146.15,146.62,146.05,146.05,5
101,2025-02-28 20:30:00,145.4,145.4,144.94,144.97,5
102,2025-02-28 20:45:00,144.97,145.15,144.64,145.15,5
103,2025-02-28 21:00:00,145.12,145.7,145.12,145.68,5
104,2025-02-28 21:15:00,145.77,146.86,145.77,146.86,5
105,2025-02-28 21:30:00,147.19,147.19,146.19,146.19,5
106,2025-02-28 21:45:00,145.7,146.92,145.7,146.92,5
107,2025-02-28 22:00:00,147.39,147.68,147.17,147.55,5
108,2025-02-28 22:15:00,147.53,147.61,146.9,147.61,5
109,2025-02-28 22:30:00,147.17,147.48,146.57,146.57,5
110,2025-02-28 22:45:00,146.59,146.73,146.29,146.73,5
111,2025-02-28 23:00:00,146.78,146.78,146.56,146.59,5
112,2025-02-28 23:15:00,146.84,146.84,146.6,146.76,5
113,2025-02-28 23:30:00,146.84,147.36,146.84,147.36,5
114,2025-02-28 23:45:00,147.46,147.97,147.46,147.95,5
115,2025-03-01 00:00:00,147.94,148.29,147.73,148.24,5
116,2025-03-01 00:15:00,147.69,147.69,147.17,147.17,5
117,2025-03-01 00:30:00,146.88,147.39,146.8,147.27,5
118,2025-03-01 00:45:00,147.1,147.17,146.44,146.44,5
119,2025-03-01 01:00:00,146.5,146.5,145.81,145.94,5
120,2025-03-01 01:15:00,145.69,146.76,145.69,146.76,5
121,2025-03-01 01:30:00,146.97,147.5,146.97,147.45,5
122,2025-03-01 01:45:00,147.23,148.12,147.19,148.12,5
123,2025-03-01 02:00:00,148.94,150.36,148.74,150.36,5
124,2025-03-01 02:15:00,148.94,149.56,148.94,149.56,5
125,2025-03-01 02:30:00,148.89,149.96,148.89,149.2,5
126,2025-03-01 02:45:00,149.11,149.4,148.56,148.67,5
127,2025-03-01 03:00:00,147.82,147.82,147.11,147.12,5
128,2025-03-01 03:15:00,147.37,147.53,146.69,147.16,5
129,2025-03-01 03:30:00,146.91,147.09,146.81,146.81,5
130,2025-03-01 03:45:00,146.92,147.07,146.56,146.56,5
131,2025-03-01 04:00:00,146.37,146.68,145.71,145.71,5
132,2025-03-01 04:15:00,145.48,146.44,145.48,146.23,5
133,2025-03-01 04:30:00,146.38,146.38,146.21,146.37,5
134,2025-03-01 04:45:00,146.14,146.25,145.82,146.16,5
135,2025-03-01 05:00:00,146.15,146.81,146.15,146.81,5
136,2025-03-01 05:15:00,146.23,146.23,145.77,145.99,5
137,2025-03-01 05:30:00,145.95,145.95,145.24,145.25,5
138,2025-03-01 05:45:00,145.22,145.47,145.0,145.0,5
139,2025-03-01 06:00:00,144.86,145.16,144.66,144.66,5
140,2025-03-01 06:15:00,144.65,144.65,144.2,144.2,5
141,2025-03-01 06:30:00,143.88,143.88,143.39,143.39,5
142,2025-03-01 06:45:00,143.32,144.06,143.32,144.01,5
143,2025-03-01 07:00:00,144.21,144.21,143.53,143.71,5
144,2025-03-01 07:15:00,143.59,143.59,142.9,143.02,5
145,2025-03-01 07:30:00,142.88,142.88,142.62,142.62,5
146,2025-03-01 07:45:00,142.66,142.66,142.21,142.57,5
147,2025-03-01 08:00:00,142.55,142.83,142.52,142.52,5
148,2025-03-01 08:15:00,142.73,143.11,142.73,143.08,5
149,2025-03-01 08:30:00,143.68,143.68,143.39,143.39,5
150,2025-03-01 08:45:00,143.39,143.48,143.14,143.14,5
151,2025-03-01 09:00:00,143.12,143.79,143.12,143.79,5
152,2025-03-01 09:15:00,143.73,143.95,143.36,143.95,5
153,2025-03-01 09:30:00,143.98,144.12,143.66,143.76,5
154,2025-03-01 09:45:00,143.36,143.36,142.8,142.8,5
155,2025-03-01 10:00:00,142.5,143.18,142.5,143.18,5
156,2025-03-01 10:15:00,143.19,143.19,142.44,142.44,5
157,2025-03-01 10:30:00,142.31,142.31,141.41,141.78,5
158,2025-03-01 10:45:00,141.44,141.44,140.73,140.79,5
159,2025-03-01 11:00:00,140.51,140.71,140.35,140.71,5
160,2025-03-01 11:15:00,140.58,140.58,139.68,139.68,5
161,2025-03-01 11:30:00,139.72,140.31,139.67,140.28,5
162,2025-03-01 11:45:00,140.22,140.61,140.12,140.61,5
163,2025-03-01 12:00:00,140.52,140.52,140.24,140.24,5
164,2025-03-01 12:15:00,140.43,140.43,140.15,140.24,5
165,2025-03-01 12:30:00,140.43,140.77,140.43,140.44,5
166,2025-03-01 12:45:00,140.35,140.78,140.35,140.64,5
167,2025-03-01 13:00:00,140.72,141.2,140.72,141.1,5
168,2025-03-01 13:15:00,141.25,141.46,140.37,140.37,5
169,2025-03-01 13:30:00,139.56,139.74,139.3,139.67,5
170,2025-03-01 13:45:00,139.18,139.6,139.07,139.07,5
171,2025-03-01 14:00:00,139.33,139.33,138.63,139.28,5
172,2025-03-01 14:15:00,139.75,139.95,139.75,139.91,5
173,2025-03-01 14:30:00,139.74,139.99,139.56,139.96,5
174,2025-03-01 14:45:00,140.03,140.31,139.92,140.31,5
175,2025-03-01 15:00:00,140.52,140.59,140.31,140.35,5
176,2025-03-01 15:15:00,140.0,140.22,139.89,139.89,5
177,2025-03-01 15:30:00,139.73,139.95,139.48,139.94,5
178,2025-03-01 15:45:00,139.91,140.18,139.72,139.88,5
179,2025-03-01 16:00:00,139.89,140.4,139.89,140.4,5
180,2025-03-01 16:15:00,140.28,140.7,140.12,140.7,5
181,2025-03-01 16:30:00,141.15,141.15,140.5,140.6,5
182,2025-03-01 16:45:00,140.23,140.23,139.88,140.13,5
183,2025-03-01 17:00:00,139.78,140.14,139.58,140.14,5
184,2025-03-01 17:15:00,140.23,140.23,139.42,139.42,5
185,2025-03-01 17:30:00,138.91,139.59,138.91,139.35,5
186,2025-03-01 17:45:00,139.24,140.2,139.24,140.2,5
187,2025-03-01 18:00:00,140.26,140.4,140.08,140.11,5
188,2025-03-01 18:15:00,139.95,140.2,139.66,140.02,5
189,2025-03-01 18:30:00,140.04,140.33,140.04,140.33,5
190,2025-03-01 18:45:00,140.52,140.79,140.46,140.56,5
191,2025-03-01 19:00:00,140.54,140.6,140.29,140.51,5
192,2025-03-01 19:15:00,140.49,140.69,140.36,140.69,5
193,2025-03-01 19:30:00,140.8,140.98,140.39,140.98,5
194,2025-03-01 19:45:00,141.0,141.18,140.37,140.55,5
195,2025-03-01 20:00:00,140.51,140.65,140.43,140.51,5
196,2025-03-01 20:15:00,140.36,140.36,139.89,139.89,5
197,2025-03-01 20:30:00,140.24,140.45,140.03,140.27,5
198,2025-03-01 20:45:00,140.24,140.36,140.09,140.09,5
199,2025-03-01 21:00:00,140.18,140.45,140.18,140.45,5
200,2025-03-01 21:15:00,140.5,140.54,140.4,140.4,5
201,2025-03-01 21:30:00,140.41,140.84,140.41,140.84,5
202,2025-03-01 21:45:00,140.88,141.11,140.88,140.88,5
203,2025-03-01 22:00:00,141.49,142.63,141.49,142.63,5
204,2025-03-01 22:15:00,142.54,143.37,142.54,142.79,5
205,2025-03-01 22:30:00,142.31,142.31,142.0,142.31,5
206,2025-03-01 22:45:00,141.94,142.14,141.58,142.14,5
207,2025-03-01 23:00:00,142.48,142.87,142.39,142.39,5
208,2025-03-01 23:15:00,142.32,142.32,141.63,141.81,5
209,2025-03-01 23:30:00,141.84,142.41,141.84,142.41,5
210,2025-03-01 23:45:00,142.57,143.06,142.57,142.96,5
211,2025-03-02 00:00:00,143.01,143.74,143.01,143.74,5
212,2025-03-02 00:15:00,143.59,144.46,143.59,144.05,5
213,2025-03-02 00:30:00,143.54,143.54,142.98,142.98,5
214,2025-03-02 00:45:00,143.37,144.6,143.37,144.38,5
215,2025-03-02 01:00:00,144.8,145.41,144.55,144.55,5
216,2025-03-02 01:15:00,145.01,145.17,145.01,145.06,5
217,2025-03-02 01:30:00,145.53,145.7,145.06,145.06,5
218,2025-03-02 01:45:00,144.3,144.36,143.98,143.98,5
219,2025-03-02 02:00:00,143.95,144.53,143.95,144.45,5
220,2025-03-02 02:15:00,144.09,145.02,144.09,144.47,5
221,2025-03-02 02:30:00,144.12,144.49,143.81,143.81,5
222,2025-03-02 02:45:00,143.48,143.48,143.12,143.12,5
223,2025-03-02 03:00:00,143.41,143.41,143.01,143.01,5
224,2025-03-02 03:15:00,143.33,144.05,143.33,144.05,5
225,2025-03-02 03:30:00,143.95,144.53,143.92,144.53,5
226,2025-03-02 03:45:00,144.02,144.07,143.5,144.07,5
227,2025-03-02 04:00:00,144.25,144.41,143.79,143.79,5
228,2025-03-02 04:15:00,144.03,144.08,143.73,143.73,5
229,2025-03-02 04:30:00,143.87,144.0,143.82,143.98,5
230,2025-03-02 04:45:00,143.66,143.66,143.25,143.61,5
231,2025-03-02 05:00:00,143.93,143.93,143.59,143.59,5
232,2025-03-02 05:15:00,143.43,143.43,143.26,143.41,5
233,2025-03-02 05:30:00,143.66,143.66,143.21,143.25,5
234,2025-03-02 05:45:00,143.56,143.64,142.93,142.94,5
235,2025-03-02 06:00:00,142.9,142.93,142.64,142.93,5
236,2025-03-02 06:15:00,143.11,143.41,143.11,143.2,5
237,2025-03-02 06:30:00,142.68,143.06,142.54,143.06,5
238,2025-03-02 06:45:00,143.54,144.35,143.53,144.21,5
239,2025-03-02 07:00:00,144.78,144.78,143.99,144.06,5
240,2025-03-02 07:15:00,144.49,144.49,143.99,144.03,5
241,2025-03-02 07:30:00,143.94,143.94,143.74,143.74,5
242,2025-03-02 07:45:00,143.92,144.09,143.65,143.68,5
243,2025-03-02 08:00:00,143.57,143.74,143.44,143.7,5
244,2025-03-02 08:15:00,143.43,143.43,142.66,142.66,5
245,2025-03-02 08:30:00,142.52,143.0,142.52,143.0,5
246,2025-03-02 08:45:00,142.93,143.01,142.78,142.78,5
247,2025-03-02 09:00:00,143.02,143.13,142.71,142.71,5
248,2025-03-02 09:15:00,142.76,142.76,142.55,142.74,5
249,2025-03-02 09:30:00,142.8,142.98,142.59,142.61,5
250,2025-03-02 09:45:00,143.35,144.25,143.35,144.25,5
251,2025-03-02 10:00:00,144.32,144.32,143.95,143.95,5
252,2025-03-02 10:15:00,143.83,144.03,143.58,143.58,5
253,2025-03-02 10:30:00,143.52,143.8,143.5,143.58,5
254,2025-03-02 10:45:00,144.21,144.23,143.85,144.23,5
255,2025-03-02 11:00:00,144.24,144.43,143.72,143.72,5
256,2025-03-02 11:15:00,143.55,143.84,143.55,143.68,5
257,2025-03-02 11:30:00,143.6,143.83,143.31,143.45,5
258,2025-03-02 11:45:00,143.52,143.96,143.52,143.83,5
259,2025-03-02 12:00:00,143.63,143.63,143.35,143.44,5
260,2025-03-02 12:15:00,143.31,143.31,142.39,142.39,5
261,2025-03-02 12:30:00,142.21,142.64,142.21,142.63,5
262,2025-03-02 12:45:00,142.7,142.82,142.62,142.62,5
263,2025-03-02 13:00:00,142.89,143.12,142.62,142.64,5
264,2025-03-02 13:15:00,142.28,142.43,142.28,142.41,5
265,2025-03-02 13:30:00,142.06,142.06,141.7,141.7,5
266,2025-03-02 13:45:00,141.43,141.72,141.43,141.66,5
267,2025-03-02 14:00:00,141.76,141.76,141.19,141.41,5
268,2025-03-02 14:15:00,141.57,141.62,140.87,140.87,5
269,2025-03-02 14:30:00,140.6,141.1,140.36,141.1,5
270,2025-03-02 14:45:00,141.26,141.26,140.34,140.51,5
271,2025-03-02 15:00:00,140.17,140.72,140.17,140.71,5
272,2025-03-02 15:15:00,140.8,141.03,140.8,140.93,5
273,2025-03-02 15:30:00,140.91,154.66,140.49,154.66,5
274,2025-03-02 15:45:00,157.5,162.08,155.3,161.46,5
275,2025-03-02 16:00:00,156.32,157.56,154.72,157.56,5
276,2025-03-02 16:15:00,160.96,167.55,160.96,167.55,5
277,2025-03-02 16:30:00,168.61,169.99,167.72,168.29,5
278,2025-03-02 16:45:00,169.74,174.87,169.74,174.34,5
279,2025-03-02 17:00:00,170.83,174.73,170.83,173.22,5
280,2025-03-02 17:15:00,169.91,172.47,169.37,171.97,5
281,2025-03-02 17:30:00,174.0,174.0,171.78,171.78,5
282,2025-03-02 17:45:00,174.53,174.53,172.66,172.85,5
283,2025-03-02 18:00:00,173.92,173.92,169.61,171.04,5
284,2025-03-02 18:15:00,170.06,170.06,169.5,169.5,5
285,2025-03-02 18:30:00,168.82,169.54,167.9,167.9,5
286,2025-03-02 18:45:00,167.43,167.43,165.88,166.23,5
287,2025-03-02 19:00:00,168.35,169.37,168.35,169.37,5
288,2025-03-02 19:15:00,169.24,169.84,168.62,168.62,5
289,2025-03-02 19:30:00,169.45,170.41,169.45,170.01,5
290,2025-03-02 19:45:00,170.38,171.06,170.38,171.06,5
291,2025-03-02 20:00:00,171.66,172.18,171.66,171.99,5
292,2025-03-02 20:15:00,172.17,172.94,172.17,172.8,5
293,2025-03-02 20:30:00,173.11,174.48,173.11,174.23,5
294,2025-03-02 20:45:00,174.34,174.49,173.35,174.49,5
295,2025-03-02 21:00:00,174.77,176.0,174.77,176.0,5
296,2025-03-02 21:15:00,175.67,176.05,174.83,176.05,5
297,2025-03-02 21:30:00,176.86,177.12,176.24,176.24,5
298,2025-03-02 21:45:00,175.06,176.63,175.06,175.84,5
299,2025-03-02 22:00:00,175.47,175.47,174.96,175.1,5
300,2025-03-02 22:15:00,175.06,175.43,174.51,175.43,5
301,2025-03-02 22:30:00,174.68,176.78,174.68,176.73,5
302,2025-03-02 22:45:00,175.19,175.66,174.66,175.66,5
303,2025-03-02 23:00:00,176.35,177.26,176.34,177.07,5
304,2025-03-02 23:15:00,178.8,178.8,177.55,178.11,5
305,2025-03-02 23:30:00,177.49,178.61,177.49,178.1,5
306,2025-03-02 23:45:00,176.47,178.38,176.47,178.38,5
307,2025-03-03 00:00:00,178.08,178.75,177.89,178.75,5
308,2025-03-03 00:15:00,177.19,177.19,175.55,175.55,5
309,2025-03-03 00:30:00,176.54,177.54,176.54,176.61,5
310,2025-03-03 00:45:00,175.7,175.7,174.67,175.15,5
311,2025-03-03 01:00:00,174.85,174.89,174.2,174.2,5
312,2025-03-03 01:15:00,175.07,176.18,174.96,175.23,5
313,2025-03-03 01:30:00,173.5,174.14,173.22,173.55,5
314,2025-03-03 01:45:00,174.09,174.09,172.92,173.3,5
315,2025-03-03 02:00:00,173.03,173.03,172.5,172.51,5
316,2025-03-03 02:15:00,172.64,172.64,170.47,170.47,5
317,2025-03-03 02:30:00,170.51,170.98,169.17,169.17,5
318,2025-03-03 02:45:00,169.58,171.15,169.58,170.6,5
319,2025-03-03 03:00:00,171.48,171.48,170.85,171.3,5
320,2025-03-03 03:15:00,171.64,171.64,169.72,169.72,5
321,2025-03-03 03:30:00,169.29,169.29,168.26,168.73,5
322,2025-03-03 03:45:00,168.71,169.46,168.23,168.23,5
323,2025-03-03 04:00:00,168.46,169.99,168.46,169.99,5
324,2025-03-03 04:15:00,170.0,170.26,170.0,170.26,5
325,2025-03-03 04:30:00,170.15,170.28,170.0,170.0,5
326,2025-03-03 04:45:00,169.3,170.09,169.3,169.52,5
327,2025-03-03 05:00:00,169.59,169.59,169.28,169.49,5
328,2025-03-03 05:15:00,169.42,170.16,169.42,170.16,5
329,2025-03-03 05:30:00,169.99,170.05,169.46,169.46,5
330,2025-03-03 05:45:00,169.53,170.1,169.53,170.1,5
331,2025-03-03 06:00:00,169.97,169.97,169.57,169.57,5
332,2025-03-03 06:15:00,169.45,169.45,168.42,168.75,5
333,2025-03-03 06:30:00,168.23,168.23,166.78,166.78,5
334,2025-03-03 06:45:00,166.3,166.3,163.25,163.79,5
335,2025-03-03 07:00:00,163.09,163.23,161.18,161.18,5
336,2025-03-03 07:15:00,161.22,162.15,160.04,162.15,5
337,2025-03-03 07:30:00,162.09,162.24,160.35,161.57,5
338,2025-03-03 07:45:00,162.34,162.34,161.22,161.22,5
339,2025-03-03 08:00:00,161.97,162.57,161.97,162.47,5
340,2025-03-03 08:15:00,162.67,162.99,162.67,162.68,5
341,2025-03-03 08:30:00,162.16,162.16,160.66,161.01,5
342,2025-03-03 08:45:00,160.42,160.99,160.42,160.92,5
343,2025-03-03 09:00:00,160.01,160.01,157.67,158.52,5
344,2025-03-03 09:15:00,157.74,159.21,157.74,159.21,5
345,2025-03-03 09:30:00,158.97,159.41,157.99,159.41,5
346,2025-03-03 09:45:00,159.69,160.06,159.69,160.06,5
347,2025-03-03 10:00:00,159.97,160.51,159.06,160.51,5
348,2025-03-03 10:15:00,159.67,160.16,159.67,160.16,5
349,2025-03-03 10:30:00,161.18,161.18,160.08,160.53,5
350,2025-03-03 10:45:00,160.64,161.32,160.43,161.32,5
351,2025-03-03 11:00:00,161.24,161.53,160.72,161.53,5
352,2025-03-03 11:15:00,161.08,161.44,160.84,161.22,5
353,2025-03-03 11:30:00,161.11,161.12,160.49,161.12,5
354,2025-03-03 11:45:00,161.6,161.6,161.23,161.31,5
355,2025-03-03 12:00:00,161.41,161.41,160.62,161.14,5
356,2025-03-03 12:15:00,161.15,163.85,161.15,162.84,5
357,2025-03-03 12:30:00,163.09,163.09,162.06,162.06,5
358,2025-03-03 12:45:00,161.37,163.32,161.37,163.32,5
359,2025-03-03 13:00:00,163.26,163.86,162.93,163.86,5
360,2025-03-03 13:15:00,164.28,164.6,163.76,163.76,5
361,2025-03-03 13:30:00,164.31,164.5,164.01,164.33,5
362,2025-03-03 13:45:00,164.85,166.71,164.85,166.71,5
363,2025-03-03 14:00:00,165.8,166.02,164.82,165.65,5
364,2025-03-03 14:15:00,164.68,165.4,164.68,164.96,5
365,2025-03-03 14:30:00,164.11,164.11,163.18,163.39,5
366,2025-03-03 14:45:00,163.65,163.79,160.95,160.95,5
367,2025-03-03 15:00:00,160.99,160.99,157.27,157.27,5
368,2025-03-03 15:15:00,157.14,158.7,156.47,158.7,5
369,2025-03-03 15:30:00,157.43,158.99,157.41,158.99,5
370,2025-03-03 15:45:00,158.61,159.29,157.99,159.29,5
371,2025-03-03 16:00:00,158.77,158.77,157.72,157.72,5
372,2025-03-03 16:15:00,157.54,158.16,156.0,156.68,5
373,2025-03-03 16:30:00,157.23,159.06,157.23,158.3,5
374,2025-03-03 16:45:00,158.0,158.34,157.66,158.32,5
375,2025-03-03 17:00:00,158.16,158.35,157.75,157.88,5
376,2025-03-03 17:15:00,157.3,158.1,156.87,156.87,5
377,2025-03-03 17:30:00,157.63,158.19,157.63,157.69,5
378,2025-03-03 17:45:00,157.71,159.16,157.71,159.16,5
379,2025-03-03 18:00:00,158.95,158.95,155.86,156.01,5
380,2025-03-03 18:15:00,155.76,155.76,154.86,155.61,5
381,2025-03-03 18:30:00,155.0,155.0,151.76,151.76,5
382,2025-03-03 18:45:00,152.27,152.27,150.33,150.33,5
383,2025-03-03 19:00:00,149.92,149.92,148.91,148.91,5
384,2025-03-03 19:15:00,149.7,149.7,146.15,146.15,5
385,2025-03-03 19:30:00,145.92,146.44,145.92,145.97,5
386,2025-03-03 19:45:00,147.62,147.62,144.09,144.09,5
387,2025-03-03 20:00:00,145.79,145.79,141.44,141.53,5
388,2025-03-03 20:15:00,142.58,143.29,142.58,143.22,5
389,2025-03-03 20:30:00,143.06,144.25,142.92,144.06,5
390,2025-03-03 20:45:00,144.31,144.31,141.92,141.92,5
391,2025-03-03 21:00:00,143.77,144.4,143.34,144.38,5
392,2025-03-03 21:15:00,144.61,144.61,143.24,143.34,5
393,2025-03-03 21:30:00,143.4,143.4,142.17,142.17,5
394,2025-03-03 21:45:00,142.49,142.89,142.49,142.62,5
395,2025-03-03 22:00:00,141.34,141.41,139.43,139.43,5
396,2025-03-03 22:15:00,141.36,141.42,140.26,140.26,5
397,2025-03-03 22:30:00,141.41,141.74,141.33,141.64,5
398,2025-03-03 22:45:00,142.3,142.66,142.16,142.66,5
399,2025-03-03 23:00:00,142.74,143.45,142.74,143.16,5
400,2025-03-03 23:15:00,142.37,142.98,142.29,142.96,5
401,2025-03-03 23:30:00,143.11,143.85,143.11,143.61,5
402,2025-03-03 23:45:00,143.21,143.94,143.21,143.78,5
403,2025-03-04 00:00:00,143.24,143.24,141.93,141.93,5
404,2025-03-04 00:15:00,141.29,143.58,141.29,143.27,5
405,2025-03-04 00:30:00,143.17,144.3,143.13,143.13,5
406,2025-03-04 00:45:00,142.74,142.74,141.58,141.58,5
407,2025-03-04 01:00:00,142.09,142.72,141.81,141.81,5
408,2025-03-04 01:15:00,141.82,141.82,140.57,140.57,5
409,2025-03-04 01:30:00,141.76,141.76,139.84,141.02,5
410,2025-03-04 01:45:00,140.91,140.91,136.03,136.03,5
411,2025-03-04 02:00:00,136.03,137.06,135.77,136.44,5
412,2025-03-04 02:15:00,137.0,137.0,133.69,135.7,5
413,2025-03-04 02:30:00,134.65,136.15,134.3,136.15,5
414,2025-03-04 02:45:00,135.99,136.71,135.73,135.73,5
415,2025-03-04 03:00:00,135.8,136.81,135.8,136.45,5
416,2025-03-04 03:15:00,137.27,137.29,135.69,135.69,5
417,2025-03-04 03:30:00,135.77,136.84,135.77,136.75,5
418,2025-03-04 03:45:00,136.87,136.87,135.37,135.37,5
419,2025-03-04 04:00:00,135.31,137.36,135.31,136.53,5
420,2025-03-04 04:15:00,136.2,136.2,135.75,135.91,5
421,2025-03-04 04:30:00,136.72,136.82,135.9,136.82,5
422,2025-03-04 04:45:00,136.22,137.01,136.22,137.01,5
423,2025-03-04 05:00:00,136.96,137.08,136.35,136.35,5
424,2025-03-04 05:15:00,136.3,138.69,136.3,137.17,5
425,2025-03-04 05:30:00,137.16,137.7,137.05,137.7,5
426,2025-03-04 05:45:00,137.12,137.96,137.12,137.96,5
427,2025-03-04 06:00:00,137.58,138.32,137.49,138.07,5
428,2025-03-04 06:15:00,137.83,138.28,137.71,137.71,5
429,2025-03-04 06:30:00,137.76,138.22,137.36,138.22,5
430,2025-03-04 06:45:00,138.17,138.17,137.71,137.73,5
431,2025-03-04 07:00:00,137.2,137.36,136.78,137.17,5
432,2025-03-04 07:15:00,136.76,136.76,135.79,135.79,5
433,2025-03-04 07:30:00,136.09,136.31,136.04,136.31,5
434,2025-03-04 07:45:00,136.63,137.08,136.63,137.02,5
435,2025-03-04 08:00:00,136.51,136.56,135.87,135.87,5
436,2025-03-04 08:15:00,135.85,135.85,135.85,135.85,5
437,2025-03-04 08:30:00,135.85,137.53,135.85,137.35,5
438,2025-03-04 08:45:00,138.12,138.12,137.56,137.56,5
439,2025-03-04 09:00:00,136.89,137.65,136.53,137.65,5
440,2025-03-04 09:15:00,137.4,137.81,137.0,137.81,5
441,2025-03-04 09:30:00,137.3,137.3,135.98,136.19,5
442,2025-03-04 09:45:00,136.13,137.32,136.13,137.32,5
443,2025-03-04 10:00:00,137.39,137.39,136.05,136.05,5
444,2025-03-04 10:15:00,135.89,136.21,135.69,135.91,5
445,2025-03-04 10:30:00,136.15,136.15,134.74,135.99,5
446,2025-03-04 10:45:00,136.21,137.36,136.21,136.51,5
447,2025-03-04 11:00:00,136.85,137.4,136.85,136.95,5
448,2025-03-04 11:15:00,136.85,138.02,136.85,138.02,5
449,2025-03-04 11:30:00,137.33,137.61,137.13,137.53,5
450,2025-03-04 11:45:00,137.34,137.93,137.12,137.12,5
451,2025-03-04 12:00:00,137.06,137.46,137.01,137.02,5
452,2025-03-04 12:15:00,136.8,136.91,135.76,135.76,5
453,2025-03-04 12:30:00,135.8,135.82,135.58,135.61,5
454,2025-03-04 12:45:00,135.96,136.86,135.96,136.86,5
455,2025-03-04 13:00:00,137.27,137.27,136.02,136.35,5
456,2025-03-04 13:15:00,135.98,135.98,134.02,134.02,5
457,2025-03-04 13:30:00,134.5,134.5,132.89,132.89,5
458,2025-03-04 13:45:00,133.79,134.53,133.69,134.53,5
459,2025-03-04 14:00:00,134.7,134.7,133.4,133.5,5
460,2025-03-04 14:15:00,133.92,135.31,133.19,135.31,5
461,2025-03-04 14:30:00,134.98,136.37,134.9,135.61,5
462,2025-03-04 14:45:00,135.04,141.91,135.04,139.41,5
463,2025-03-04 15:00:00,140.98,140.98,137.95,137.95,5
464,2025-03-04 15:15:00,135.93,135.93,135.05,135.26,5
465,2025-03-04 15:30:00,134.6,135.76,134.35,135.76,5
466,2025-03-04 15:45:00,136.17,136.41,135.99,136.35,5
467,2025-03-04 16:00:00,137.78,138.11,137.78,138.11,5
468,2025-03-04 16:15:00,137.22,137.4,136.17,136.99,5
469,2025-03-04 16:30:00,136.5,136.5,133.81,133.81,5
470,2025-03-04 16:45:00,133.3,133.39,132.07,133.39,5
471,2025-03-04 17:00:00,134.61,136.83,134.61,136.32,5
472,2025-03-04 17:15:00,136.14,137.65,136.14,137.02,5
473,2025-03-04 17:30:00,138.63,139.61,138.63,139.33,5
474,2025-03-04 17:45:00,138.39,140.47,138.39,139.48,5
475,2025-03-04 18:00:00,140.83,141.0,140.15,140.42,5
476,2025-03-04 18:15:00,140.59,141.72,140.24,141.4,5
477,2025-03-04 18:30:00,140.63,140.81,140.4,140.4,5
478,2025-03-04 18:45:00,140.53,140.8,140.42,140.54,5
479,2025-03-04 19:00:00,141.02,142.87,141.02,142.87,5
480,2025-03-04 19:15:00,143.27,143.5,142.97,143.42,5
481,2025-03-04 19:30:00,142.87,142.98,142.18,142.18,5
482,2025-03-04 19:45:00,141.76,143.1,141.76,143.1,5
483,2025-03-04 20:00:00,143.0,143.11,142.5,143.1,5
484,2025-03-04 20:15:00,143.55,143.55,142.99,143.2,5
485,2025-03-04 20:30:00,143.23,144.48,143.23,143.72,5
486,2025-03-04 20:45:00,142.71,142.95,142.71,142.93,5
487,2025-03-04 21:00:00,143.04,143.04,141.94,141.94,5
488,2025-03-04 21:15:00,142.09,142.77,142.09,142.77,5
489,2025-03-04 21:30:00,143.04,146.75,143.04,146.75,5
490,2025-03-04 21:45:00,145.94,145.94,145.39,145.72,5
491,2025-03-04 22:00:00,145.43,145.6,144.87,145.6,5
492,2025-03-04 22:15:00,145.75,145.75,144.58,144.83,5
493,2025-03-04 22:30:00,144.95,145.35,144.28,145.35,5
494,2025-03-04 22:45:00,144.94,144.94,144.46,144.49,5
495,2025-03-04 23:00:00,144.52,144.52,143.6,143.6,5
496,2025-03-04 23:15:00,143.98,145.3,143.98,145.3,5
497,2025-03-04 23:30:00,144.95,144.95,143.39,144.32,5
498,2025-03-04 23:45:00,144.55,145.14,144.55,145.09,5
499,2025-03-05 00:00:00,145.13,145.13,144.72,144.72,5
500,2025-03-05 00:15:00,144.51,144.85,144.12,144.73,5
501,2025-03-05 00:30:00,143.83,143.83,143.7,143.73,5
502,2025-03-05 00:45:00,143.73,143.73,142.97,142.97,5
503,2025-03-05 01:00:00,143.31,143.31,142.9,143.0,5
504,2025-03-05 01:15:00,142.73,142.73,142.09,142.66,5
505,2025-03-05 01:30:00,143.32,143.35,142.71,143.35,5
506,2025-03-05 01:45:00,143.02,144.03,143.02,143.86,5
507,2025-03-05 02:00:00,143.48,144.55,143.48,144.53,5
508,2025-03-05 02:15:00,144.41,144.41,143.7,143.7,5
509,2025-03-05 02:30:00,143.79,145.25,143.79,143.87,5
510,2025-03-05 02:45:00,144.82,144.82,143.59,144.55,5
511,2025-03-05 03:00:00,144.51,145.18,144.51,144.71,5
512,2025-03-05 03:15:00,144.79,145.17,144.79,145.17,5
513,2025-03-05 03:30:00,144.91,144.91,143.92,143.97,5
514,2025-03-05 03:45:00,144.13,144.13,143.2,143.2,5
515,2025-03-05 04:00:00,142.85,143.51,142.37,142.37,5
516,2025-03-05 04:15:00,142.04,142.18,141.73,141.73,5
517,2025-03-05 04:30:00,142.39,142.39,141.23,141.23,5
518,2025-03-05 04:45:00,141.31,141.49,141.07,141.49,5
519,2025-03-05 05:00:00,141.85,142.16,141.85,142.16,5
520,2025-03-05 05:15:00,142.16,142.51,142.0,142.51,5
521,2025-03-05 05:30:00,142.36,142.36,142.1,142.1,5
522,2025-03-05 05:45:00,142.13,142.15,141.73,141.73,5
523,2025-03-05 06:00:00,141.76,142.32,141.76,142.26,5
524,2025-03-05 06:15:00,141.95,141.95,141.21,141.32,5
525,2025-03-05 06:30:00,141.67,141.85,141.67,141.82,5
526,2025-03-05 06:45:00,141.83,142.62,141.83,142.61,5
527,2025-03-05 07:00:00,142.7,143.73,142.7,143.73,5
528,2025-03-05 07:15:00,143.58,143.58,143.2,143.2,5
529,2025-03-05 07:30:00,143.02,143.02,142.6,142.74,5
530,2025-03-05 07:45:00,142.36,142.79,142.32,142.32,5
531,2025-03-05 08:00:00,142.27,143.03,142.27,143.03,5
532,2025-03-05 08:15:00,142.92,144.0,142.92,144.0,5
533,2025-03-05 08:30:00,143.85,144.38,143.78,143.78,5
534,2025-03-05 08:45:00,143.97,144.46,143.96,144.06,5
535,2025-03-05 09:00:00,144.06,144.55,143.86,143.86,5
536,2025-03-05 09:15:00,143.96,145.72,143.96,145.72,5
537,2025-03-05 09:30:00,145.37,146.33,145.14,146.02,5
538,2025-03-05 09:45:00,145.89,145.89,145.06,145.06,5
539,2025-03-05 10:00:00,145.02,145.69,145.02,145.69,5
540,2025-03-05 10:15:00,145.89,146.44,145.77,145.77,5
541,2025-03-05 10:30:00,145.76,148.33,145.76,148.33,5
542,2025-03-05 10:45:00,148.45,149.57,148.45,149.37,5
543,2025-03-05 11:00:00,149.6,149.6,148.58,148.65,5
544,2025-03-05 11:15:00,148.2,148.75,148.0,148.62,5
545,2025-03-05 11:30:00,148.93,148.93,148.08,148.09,5
546,2025-03-05 11:45:00,148.01,148.35,148.01,148.33,5
547,2025-03-05 12:00:00,148.6,148.6,147.11,147.11,5
548,2025-03-05 12:15:00,147.39,147.99,146.85,147.77,5
549,2025-03-05 12:30:00,147.3,148.12,147.3,148.12,5
550,2025-03-05 12:45:00,148.58,148.63,147.51,147.51,5
551,2025-03-05 13:00:00,146.88,146.88,146.53,146.53,5
552,2025-03-05 13:15:00,147.07,147.07,145.99,145.99,5
553,2025-03-05 13:30:00,145.41,145.42,144.22,144.82,5
554,2025-03-05 13:45:00,145.11,145.11,143.62,143.62,5
555,2025-03-05 14:00:00,143.84,143.99,143.78,143.95,5
556,2025-03-05 14:15:00,143.91,143.96,143.43,143.83,5
557,2025-03-05 14:30:00,143.58,143.61,143.31,143.32,5
558,2025-03-05 14:45:00,143.39,143.39,142.16,143.3,5
559,2025-03-05 15:00:00,142.78,143.28,142.04,142.04,5
560,2025-03-05 15:15:00,143.15,143.15,141.53,141.53,5
561,2025-03-05 15:30:00,141.44,141.44,140.5,140.5,5
562,2025-03-05 15:45:00,140.93,141.32,140.93,141.22,5
563,2025-03-05 16:00:00,141.55,141.94,141.2,141.94,5
564,2025-03-05 16:15:00,141.35,142.15,141.35,142.02,5
565,2025-03-05 16:30:00,141.91,142.14,140.74,140.74,5
566,2025-03-05 16:45:00,140.6,141.39,140.32,140.72,5
567,2025-03-05 17:00:00,140.71,142.48,140.71,142.48,5
568,2025-03-05 17:15:00,142.32,142.79,142.06,142.79,5
569,2025-03-05 17:30:00,142.77,143.41,142.5,143.41,5
570,2025-03-05 17:45:00,143.68,144.33,142.85,142.85,5
571,2025-03-05 18:00:00,142.28,142.61,142.28,142.45,5
572,2025-03-05 18:15:00,142.42,143.08,142.39,143.08,5
573,2025-03-05 18:30:00,143.54,143.54,143.27,143.27,5
574,2025-03-05 18:45:00,143.0,143.0,142.54,142.54,5
575,2025-03-05 19:00:00,142.72,144.86,142.72,144.86,5
576,2025-03-05 19:15:00,144.32,145.86,144.32,145.42,5
577,2025-03-05 19:30:00,145.28,145.33,144.86,145.33,5
578,2025-03-05 19:45:00,145.07,145.1,144.7,145.1,5
579,2025-03-05 20:00:00,144.84,144.98,144.71,144.77,5
580,2025-03-05 20:15:00,145.18,145.48,145.1,145.48,5
581,2025-03-05 20:30:00,145.06,145.59,144.88,145.59,5
582,2025-03-05 20:45:00,145.61,145.88,145.39,145.39,5
583,2025-03-05 21:00:00,145.39,145.7,145.39,145.48,5
584,2025-03-05 21:15:00,145.31,145.6,145.01,145.12,5
585,2025-03-05 21:30:00,144.87,144.87,144.4,144.71,5
586,2025-03-05 21:45:00,144.46,144.49,144.3,144.47,5
587,2025-03-05 22:00:00,144.29,145.16,144.29,145.16,5
588,2025-03-05 22:15:00,145.3,145.3,145.12,145.18,5
589,2025-03-05 22:30:00,145.63,145.63,145.34,145.35,5
590,2025-03-05 22:45:00,145.5,146.0,145.5,146.0,5
591,2025-03-05 23:00:00,146.09,146.42,146.05,146.42,5
592,2025-03-05 23:15:00,146.06,146.06,145.6,145.65,5
593,2025-03-05 23:30:00,145.69,145.88,145.49,145.88,5
594,2025-03-05 23:45:00,145.92,146.67,145.92,146.67,5
595,2025-03-06 00:00:00,146.41,146.41,146.13,146.36,5
596,2025-03-06 00:15:00,146.55,146.73,145.96,146.27,5
597,2025-03-06 00:30:00,146.51,146.51,145.36,145.42,5
598,2025-03-06 00:45:00,145.19,145.23,144.84,144.84,5
599,2025-03-06 01:00:00,144.96,145.03,144.73,144.73,5
600,2025-03-06 01:15:00,145.01,145.59,145.01,145.59,5
601,2025-03-06 01:30:00,145.9,145.9,145.24,145.53,5
602,2025-03-06 01:45:00,145.0,146.42,145.0,146.42,5
603,2025-03-06 02:00:00,147.8,148.81,146.85,147.09,5
604,2025-03-06 02:15:00,147.08,148.77,147.08,148.77,5
605,2025-03-06 02:30:00,148.3,148.3,147.51,147.87,5
606,2025-03-06 02:45:00,147.28,147.52,147.28,147.52,5
607,2025-03-06 03:00:00,147.69,149.1,147.69,149.1,5
608,2025-03-06 03:15:00,149.01,149.28,148.97,148.97,5
609,2025-03-06 03:30:00,149.45,149.45,148.45,148.45,5
610,2025-03-06 03:45:00,148.23,148.88,148.23,148.88,5
611,2025-03-06 04:00:00,149.22,149.22,148.21,148.61,5
612,2025-03-06 04:15:00,148.5,148.5,147.87,148.47,5
613,2025-03-06 04:30:00,148.48,148.48,147.98,148.35,5
614,2025-03-06 04:45:00,148.21,149.24,148.05,149.24,5
615,2025-03-06 05:00:00,148.65,149.84,148.65,149.73,5
616,2025-03-06 05:15:00,149.96,149.96,148.77,148.77,5
617,2025-03-06 05:30:00,148.88,149.87,148.88,149.87,5
618,2025-03-06 05:45:00,149.81,150.53,149.81,150.53,5
619,2025-03-06 06:00:00,149.85,150.28,149.6,150.28,5
620,2025-03-06 06:15:00,149.7,149.7,149.01,149.01,5
621,2025-03-06 06:30:00,148.72,149.16,148.72,149.16,5
622,2025-03-06 06:45:00,149.27,149.29,149.19,149.19,5
623,2025-03-06 07:00:00,149.34,149.55,148.71,148.71,5
624,2025-03-06 07:15:00,149.23,149.23,148.78,148.78,5
625,2025-03-06 07:30:00,149.2,149.33,148.98,148.98,5
626,2025-03-06 07:45:00,149.43,149.43,148.86,148.94,5
627,2025-03-06 08:00:00,149.28,149.28,148.5,148.72,5
628,2025-03-06 08:15:00,148.51,148.7,148.49,148.52,5
629,2025-03-06 08:30:00,148.95,149.09,148.79,148.92,5
630,2025-03-06 08:45:00,149.01,150.84,149.01,150.84,5
631,2025-03-06 09:00:00,150.46,151.72,150.46,151.14,5
632,2025-03-06 09:15:00,150.12,150.12,149.46,149.46,5
633,2025-03-06 09:30:00,149.69,150.05,149.69,149.71,5
634,2025-03-06 09:45:00,149.8,150.22,149.47,149.47,5
635,2025-03-06 10:00:00,149.45,149.45,148.97,148.97,5
636,2025-03-06 10:15:00,148.98,149.56,148.98,149.56,5
637,2025-03-06 10:30:00,150.37,151.51,150.37,151.51,5
638,2025-03-06 10:45:00,151.84,151.94,151.8,151.92,5
639,2025-03-06 11:00:00,152.28,152.83,152.28,152.65,5
640,2025-03-06 11:15:00,151.9,151.9,151.4,151.89,5
641,2025-03-06 11:30:00,151.82,151.88,151.49,151.87,5
642,2025-03-06 11:45:00,151.86,151.86,151.57,151.8,5
643,2025-03-06 12:00:00,151.77,152.19,151.65,151.65,5
644,2025-03-06 12:15:00,151.07,151.07,150.24,150.24,5
645,2025-03-06 12:30:00,150.06,150.06,149.36,149.99,5
646,2025-03-06 12:45:00,150.01,150.01,149.24,149.27,5
647,2025-03-06 13:00:00,149.23,149.23,148.48,148.9,5
648,2025-03-06 13:15:00,148.86,148.86,148.48,148.59,5
649,2025-03-06 13:30:00,148.91,148.91,148.01,148.18,5
650,2025-03-06 13:45:00,148.33,148.87,148.33,148.52,5
651,2025-03-06 14:00:00,147.03,147.61,147.0,147.0,5
652,2025-03-06 14:15:00,146.7,147.43,146.7,147.28,5
653,2025-03-06 14:30:00,147.21,147.88,147.21,147.82,5
654,2025-03-06 14:45:00,147.24,147.24,145.75,145.77,5
655,2025-03-06 15:00:00,145.8,146.96,145.8,146.38,5
656,2025-03-06 15:15:00,146.42,147.87,146.42,147.87,5
657,2025-03-06 15:30:00,148.91,149.21,148.62,149.21,5
658,2025-03-06 15:45:00,148.82,149.7,148.76,149.32,5
659,2025-03-06 16:00:00,149.1,149.12,148.63,149.02,5
660,2025-03-06 16:15:00,148.7,148.84,148.08,148.08,5
661,2025-03-06 16:30:00,147.97,148.15,146.7,146.7,5
662,2025-03-06 16:45:00,146.84,147.26,146.73,146.73,5
663,2025-03-06 17:00:00,147.18,147.18,144.8,144.8,5
664,2025-03-06 17:15:00,144.14,144.2,143.5,144.2,5
665,2025-03-06 17:30:00,144.03,144.24,143.67,143.83,5
666,2025-03-06 17:45:00,144.17,144.17,143.34,143.75,5
667,2025-03-06 18:00:00,143.25,144.0,143.02,144.0,5
668,2025-03-06 18:15:00,143.93,143.93,143.55,143.83,5
669,2025-03-06 18:30:00,144.01,144.08,143.51,143.51,5
670,2025-03-06 18:45:00,143.68,143.75,142.9,143.08,5
671,2025-03-06 19:00:00,143.42,143.42,143.03,143.03,5
672,2025-03-06 19:15:00,142.92,143.52,142.92,143.52,5
673,2025-03-06 19:30:00,143.22,143.22,142.82,142.82,5
674,2025-03-06 19:45:00,142.76,143.79,142.76,143.79,5
675,2025-03-06 20:00:00,144.03,144.58,143.54,143.54,5
676,2025-03-06 20:15:00,143.81,144.42,143.81,144.28,5
677,2025-03-06 20:30:00,144.66,144.86,144.41,144.62,5
678,2025-03-06 20:45:00,144.56,144.56,143.61,143.61,5
679,2025-03-06 21:00:00,143.58,144.38,143.58,144.35,5
680,2025-03-06 21:15:00,144.05,144.71,144.05,144.71,5
681,2025-03-06 21:30:00,144.64,144.73,144.21,144.21,5
682,2025-03-06 21:45:00,144.06,144.06,143.47,143.66,5
683,2025-03-06 22:00:00,143.53,144.0,143.53,143.94,5
684,2025-03-06 22:15:00,145.03,145.45,145.03,145.32,5
685,2025-03-06 22:30:00,144.43,144.43,143.56,143.56,5
686,2025-03-06 22:45:00,143.29,143.97,143.29,143.97,5
687,2025-03-06 23:00:00,144.24,144.58,143.9,143.92,5
688,2025-03-06 23:15:00,143.45,143.88,143.45,143.54,5
689,2025-03-06 23:30:00,144.03,144.29,143.95,143.95,5
690,2025-03-06 23:45:00,144.37,144.44,143.85,143.85,5
691,2025-03-07 00:00:00,143.51,143.66,143.29,143.29,5
692,2025-03-07 00:15:00,143.5,145.15,143.5,145.15,5
693,2025-03-07 00:30:00,140.98,140.98,138.04,138.04,5
694,2025-03-07 00:45:00,137.87,137.87,136.68,136.71,5
695,2025-03-07 01:00:00,135.71,136.49,135.7,136.49,5
696,2025-03-07 01:15:00,136.47,138.69,136.47,138.69,5
697,2025-03-07 01:30:00,138.02,139.31,138.02,139.31,5
698,2025-03-07 01:45:00,139.32,140.2,139.04,140.2,5
699,2025-03-07 02:00:00,141.44,141.44,140.12,140.55,5
700,2025-03-07 02:15:00,139.89,141.23,139.89,141.18,5
701,2025-03-07 02:30:00,141.35,141.35,140.42,140.61,5
702,2025-03-07 02:45:00,140.26,141.75,140.26,141.41,5
703,2025-03-07 03:00:00,141.06,141.23,140.98,140.98,5
704,2025-03-07 03:15:00,140.89,141.49,140.64,141.48,5
705,2025-03-07 03:30:00,141.38,141.47,141.27,141.47,5
706,2025-03-07 03:45:00,141.55,141.63,141.38,141.42,5
707,2025-03-07 04:00:00,141.15,141.15,140.79,140.81,5
708,2025-03-07 04:15:00,141.04,141.12,140.84,141.09,5
709,2025-03-07 04:30:00,141.16,141.99,141.16,141.99,5
710,2025-03-07 04:45:00,141.78,141.8,141.69,141.69,5
711,2025-03-07 05:00:00,141.55,141.55,141.16,141.16,5
712,2025-03-07 05:15:00,141.06,141.5,141.06,141.43,5
713,2025-03-07 05:30:00,141.64,143.09,141.64,142.96,5
714,2025-03-07 05:45:00,142.39,143.11,142.39,143.11,5
715,2025-03-07 06:00:00,143.09,143.37,143.08,143.08,5
716,2025-03-07 06:15:00,142.82,142.82,142.36,142.36,5
717,2025-03-07 06:30:00,142.36,142.53,142.28,142.5,5
718,2025-03-07 06:45:00,142.99,143.19,142.96,143.19,5
719,2025-03-07 07:00:00,143.83,143.93,143.56,143.56,5
720,2025-03-07 07:15:00,143.48,144.44,143.48,144.18,5
721,2025-03-07 07:30:00,144.34,144.34,144.02,144.05,5
722,2025-03-07 07:45:00,143.98,144.28,143.8,143.88,5
723,2025-03-07 08:00:00,144.21,144.22,143.98,144.22,5
724,2025-03-07 08:15:00,144.25,144.25,143.79,144.0,5
725,2025-03-07 08:30:00,144.2,144.2,143.84,143.84,5
726,2025-03-07 08:45:00,143.67,143.91,143.39,143.39,5
727,2025-03-07 09:00:00,143.56,144.23,143.56,144.23,5
728,2025-03-07 09:15:00,144.22,145.07,144.22,145.07,5
729,2025-03-07 09:30:00,145.0,145.3,144.87,145.3,5
730,2025-03-07 09:45:00,145.65,145.65,144.86,144.86,5
731,2025-03-07 10:00:00,144.58,144.86,143.28,143.28,5
732,2025-03-07 10:15:00,143.25,143.38,143.2,143.38,5
733,2025-03-07 10:30:00,143.14,143.3,142.71,142.71,5
734,2025-03-07 10:45:00,142.92,143.22,142.92,143.06,5
735,2025-03-07 11:00:00,143.29,143.86,143.29,143.66,5
736,2025-03-07 11:15:00,143.71,144.48,143.71,144.27,5
737,2025-03-07 11:30:00,144.03,144.07,143.72,143.72,5
738,2025-03-07 11:45:00,143.46,143.57,143.18,143.18,5
739,2025-03-07 12:00:00,143.28,143.54,143.08,143.54,5
740,2025-03-07 12:15:00,143.56,144.0,143.56,144.0,5
741,2025-03-07 12:30:00,143.54,143.54,142.86,142.86,5
742,2025-03-07 12:45:00,142.82,142.82,142.17,142.17,5
743,2025-03-07 13:00:00,142.38,142.7,142.11,142.7,5
744,2025-03-07 13:15:00,142.82,143.88,142.75,143.88,5
745,2025-03-07 13:30:00,143.44,143.48,143.14,143.14,5
746,2025-03-07 13:45:00,144.78,146.93,144.24,146.06,5
747,2025-03-07 14:00:00,145.76,145.76,144.21,144.21,5
748,2025-03-07 14:15:00,144.44,144.91,144.17,144.4,5
749,2025-03-07 14:30:00,144.43,144.55,142.95,142.95,5
750,2025-03-07 14:45:00,143.33,145.5,143.33,145.5,5
751,2025-03-07 15:00:00,146.79,147.6,146.63,146.63,5
752,2025-03-07 15:15:00,147.14,147.14,146.76,146.76,5
753,2025-03-07 15:30:00,146.39,146.39,145.02,145.02,5
754,2025-03-07 15:45:00,144.29,144.29,143.53,144.22,5
755,2025-03-07 16:00:00,144.61,145.62,144.61,144.86,5
756,2025-03-07 16:15:00,144.6,145.34,143.32,145.16,5
757,2025-03-07 16:30:00,144.14,144.14,142.45,142.45,5
758,2025-03-07 16:45:00,142.6,143.1,142.6,143.1,5
759,2025-03-07 17:00:00,143.31,143.31,141.73,142.03,5
760,2025-03-07 17:15:00,142.45,142.45,141.69,142.1,5
761,2025-03-07 17:30:00,142.14,142.39,141.55,142.39,5
762,2025-03-07 17:45:00,141.84,143.25,141.84,143.25,5
763,2025-03-07 18:00:00,143.51,144.59,142.91,142.91,5
764,2025-03-07 18:15:00,143.84,144.48,143.84,144.46,5
765,2025-03-07 18:30:00,144.68,145.36,144.68,145.36,5
766,2025-03-07 18:45:00,145.29,146.81,145.29,146.53,5
767,2025-03-07 19:00:00,146.82,149.36,146.82,149.36,5
768,2025-03-07 19:15:00,149.99,149.99,147.75,148.33,5
769,2025-03-07 19:30:00,149.83,149.83,147.85,147.85,5
770,2025-03-07 19:45:00,148.04,148.04,146.92,146.92,5
771,2025-03-07 20:00:00,146.5,146.56,145.88,146.36,5
772,2025-03-07 20:15:00,146.47,146.62,146.34,146.37,5
773,2025-03-07 20:30:00,146.03,146.03,145.78,145.78,5
774,2025-03-07 20:45:00,146.43,146.43,144.88,145.11,5
775,2025-03-07 21:00:00,145.34,146.9,144.47,144.47,5
776,2025-03-07 21:15:00,143.97,144.3,142.0,142.29,5
777,2025-03-07 21:30:00,141.98,143.96,141.98,143.86,5
778,2025-03-07 21:45:00,143.86,144.04,142.4,142.4,5
779,2025-03-07 22:00:00,142.93,143.24,141.97,142.58,5
780,2025-03-07 22:15:00,142.77,142.77,141.27,141.27,5
781,2025-03-07 22:30:00,141.72,142.1,141.02,141.04,5
782,2025-03-07 22:45:00,141.53,142.41,140.94,142.41,5
783,2025-03-07 23:00:00,142.01,142.01,140.94,140.94,5
784,2025-03-07 23:15:00,140.52,140.81,138.07,138.07,5
785,2025-03-07 23:30:00,138.58,138.58,137.59,138.12,5
786,2025-03-07 23:45:00,138.11,139.04,138.11,139.04,5
787,2025-03-08 00:00:00,139.2,139.34,139.16,139.16,5
788,2025-03-08 00:15:00,138.82,139.45,138.69,138.69,5
789,2025-03-08 00:30:00,138.73,139.38,138.73,139.26,5
790,2025-03-08 00:45:00,139.8,140.23,139.63,140.23,5
791,2025-03-08 01:00:00,140.1,140.81,140.1,140.81,5
792,2025-03-08 01:15:00,140.5,140.93,140.17,140.17,5
793,2025-03-08 01:30:00,139.83,139.83,139.54,139.61,5
794,2025-03-08 01:45:00,138.76,138.76,138.06,138.37,5
795,2025-03-08 02:00:00,138.55,139.36,138.55,139.36,5
796,2025-03-08 02:15:00,139.57,139.72,139.42,139.54,5
797,2025-03-08 02:30:00,139.51,139.69,139.2,139.2,5
798,2025-03-08 02:45:00,139.04,139.43,138.96,139.11,5
799,2025-03-08 03:00:00,139.21,139.76,139.21,139.76,5
800,2025-03-08 03:15:00,139.47,139.47,138.76,138.76,5
801,2025-03-08 03:30:00,138.74,138.94,138.4,138.94,5
802,2025-03-08 03:45:00,139.07,139.58,139.07,139.58,5
803,2025-03-08 04:00:00,139.57,139.72,139.57,139.72,5
804,2025-03-08 04:15:00,139.33,139.51,138.95,139.39,5
805,2025-03-08 04:30:00,139.39,140.23,139.39,140.23,5
806,2025-03-08 04:45:00,140.15,140.48,140.15,140.37,5
807,2025-03-08 05:00:00,140.59,140.83,140.59,140.83,5
808,2025-03-08 05:15:00,140.55,140.55,140.02,140.02,5
809,2025-03-08 05:30:00,139.82,139.82,139.44,139.44,5
810,2025-03-08 05:45:00,139.01,139.01,138.73,138.9,5
811,2025-03-08 06:00:00,139.12,139.35,139.11,139.28,5
812,2025-03-08 06:15:00,139.37,139.78,139.37,139.67,5
813,2025-03-08 06:30:00,139.36,139.49,139.23,139.49,5
814,2025-03-08 06:45:00,139.16,139.3,139.05,139.07,5
815,2025-03-08 07:00:00,138.77,139.13,138.77,139.13,5
816,2025-03-08 07:15:00,139.19,139.65,139.19,139.46,5
817,2025-03-08 07:30:00,139.46,139.71,139.18,139.18,5
818,2025-03-08 07:45:00,138.96,139.07,138.9,139.07,5
819,2025-03-08 08:00:00,139.03,139.03,138.38,138.69,5
820,2025-03-08 08:15:00,138.88,138.93,138.37,138.39,5
821,2025-03-08 08:30:00,138.45,138.45,138.01,138.08,5
822,2025-03-08 08:45:00,138.4,138.51,138.4,138.46,5
823,2025-03-08 09:00:00,138.18,138.26,137.77,137.92,5
824,2025-03-08 09:15:00,138.08,138.47,138.08,138.47,5
825,2025-03-08 09:30:00,138.55,138.94,138.55,138.91,5
826,2025-03-08 09:45:00,139.02,139.03,138.19,138.19,5
827,2025-03-08 10:00:00,138.13,138.13,137.8,137.91,5
828,2025-03-08 10:15:00,138.15,138.34,137.86,137.86,5
829,2025-03-08 10:30:00,137.99,138.55,137.99,138.55,5
830,2025-03-08 10:45:00,138.57,138.57,138.34,138.52,5
831,2025-03-08 11:00:00,138.66,138.66,138.18,138.36,5
832,2025-03-08 11:15:00,138.08,138.08,137.38,137.38,5
833,2025-03-08 11:30:00,137.43,137.43,136.99,137.13,5
834,2025-03-08 11:45:00,137.3,137.39,136.84,136.98,5
835,2025-03-08 12:00:00,137.25,137.35,137.02,137.35,5
836,2025-03-08 12:15:00,137.6,137.6,136.8,137.23,5
837,2025-03-08 12:30:00,137.04,137.92,137.04,137.92,5
838,2025-03-08 12:45:00,137.77,138.18,137.76,138.06,5
839,2025-03-08 13:00:00,138.03,138.03,137.68,137.69,5
840,2025-03-08 13:15:00,137.72,137.88,137.72,137.72,5
841,2025-03-08 13:30:00,137.54,137.97,137.46,137.97,5
842,2025-03-08 13:45:00,138.41,138.56,138.0,138.0,5
843,2025-03-08 14:00:00,137.82,137.82,137.64,137.64,5
844,2025-03-08 14:15:00,137.52,138.0,137.52,137.53,5
845,2025-03-08 14:30:00,137.59,137.74,137.42,137.74,5
846,2025-03-08 14:45:00,137.56,137.81,137.56,137.74,5
847,2025-03-08 15:00:00,137.22,137.22,136.9,137.02,5
848,2025-03-08 15:15:00,136.77,136.77,136.36,136.72,5
849,2025-03-08 15:30:00,136.79,137.06,136.79,137.02,5
850,2025-03-08 15:45:00,137.19,137.37,137.19,137.37,5
851,2025-03-08 16:00:00,137.29,137.46,137.09,137.21,5
852,2025-03-08 16:15:00,137.2,137.34,136.47,136.47,5
853,2025-03-08 16:30:00,135.94,135.94,135.58,135.83,5
854,2025-03-08 16:45:00,135.85,136.33,135.85,136.03,5
855,2025-03-08 17:00:00,135.83,136.12,135.83,136.12,5
856,2025-03-08 17:15:00,136.19,136.19,135.36,135.54,5
857,2025-03-08 17:30:00,135.92,136.77,135.92,136.72,5
858,2025-03-08 17:45:00,136.91,137.26,136.75,136.75,5
859,2025-03-08 18:00:00,136.64,136.84,136.59,136.84,5
860,2025-03-08 18:15:00,136.82,137.15,136.71,136.99,5
861,2025-03-08 18:30:00,137.0,137.12,136.62,137.12,5
862,2025-03-08 18:45:00,137.36,137.61,137.33,137.49,5
863,2025-03-08 19:00:00,137.78,137.78,137.68,137.69,5
864,2025-03-08 19:15:00,137.57,137.64,137.25,137.64,5
865,2025-03-08 19:30:00,137.44,138.22,137.33,138.22,5
866,2025-03-08 19:45:00,138.27,138.46,138.27,138.4,5
867,2025-03-08 20:00:00,138.27,138.68,138.27,138.4,5
868,2025-03-08 20:15:00,138.41,138.44,138.1,138.1,5
869,2025-03-08 20:30:00,138.13,138.13,137.73,137.84,5
870,2025-03-08 20:45:00,137.74,137.79,137.68,137.68,5
871,2025-03-08 21:00:00,137.55,137.8,137.55,137.64,5
872,2025-03-08 21:15:00,137.63,137.97,137.63,137.95,5
873,2025-03-08 21:30:00,137.97,138.48,137.97,138.48,5
874,2025-03-08 21:45:00,138.43,138.43,137.92,137.92,5
875,2025-03-08 22:00:00,137.83,137.83,137.34,137.34,5
876,2025-03-08 22:15:00,137.4,137.4,136.77,136.77,5
877,2025-03-08 22:30:00,136.63,136.65,136.36,136.53,5
878,2025-03-08 22:45:00,136.92,137.14,136.91,136.99,5
879,2025-03-08 23:00:00,136.96,137.16,136.77,137.16,5
880,2025-03-08 23:15:00,137.29,137.53,137.19,137.53,5
881,2025-03-08 23:30:00,137.32,137.46,137.14,137.14,5
882,2025-03-08 23:45:00,137.2,137.28,136.6,136.6,5
883,2025-03-09 00:00:00,136.56,137.05,136.56,136.88,5
884,2025-03-09 00:15:00,136.83,137.35,136.76,137.35,5
885,2025-03-09 00:30:00,137.42,137.84,137.42,137.84,5
886,2025-03-09 00:45:00,137.98,138.12,137.8,138.12,5
887,2025-03-09 01:00:00,138.03,138.1,137.98,138.1,5
888,2025-03-09 01:15:00,138.24,138.32,138.06,138.06,5
889,2025-03-09 01:30:00,138.13,138.17,138.01,138.01,5
890,2025-03-09 01:45:00,137.85,137.96,137.5,137.96,5
891,2025-03-09 02:00:00,138.14,138.14,137.41,137.86,5
892,2025-03-09 02:15:00,137.93,138.02,137.55,137.81,5
893,2025-03-09 02:30:00,137.72,138.01,137.52,137.79,5
894,2025-03-09 02:45:00,137.74,137.87,137.37,137.37,5
895,2025-03-09 03:00:00,137.41,137.41,137.0,137.06,5
896,2025-03-09 03:15:00,137.29,137.29,136.89,137.06,5
897,2025-03-09 03:30:00,137.29,137.41,137.22,137.41,5
898,2025-03-09 03:45:00,137.54,137.98,137.54,137.92,5
899,2025-03-09 04:00:00,137.94,138.03,137.87,137.87,5
900,2025-03-09 04:15:00,137.8,138.02,137.8,137.83,5
901,2025-03-09 04:30:00,137.91,137.91,137.79,137.87,5
902,2025-03-09 04:45:00,137.76,138.23,137.76,138.23,5
903,2025-03-09 05:00:00,138.16,138.45,138.02,138.45,5
904,2025-03-09 05:15:00,138.3,138.5,138.06,138.06,5
905,2025-03-09 05:30:00,138.21,139.2,138.21,139.2,5
906,2025-03-09 05:45:00,139.44,139.44,138.81,138.99,5
907,2025-03-09 06:00:00,138.99,138.99,138.72,138.72,5
908,2025-03-09 06:15:00,138.54,138.54,137.99,138.09,5
909,2025-03-09 06:30:00,137.8,138.34,137.8,138.34,5
910,2025-03-09 06:45:00,138.25,138.46,138.25,138.46,5
911,2025-03-09 07:00:00,138.36,138.54,138.19,138.19,5
912,2025-03-09 07:15:00,138.58,138.95,138.58,138.87,5
913,2025-03-09 07:30:00,138.95,139.33,138.89,139.33,5
914,2025-03-09 07:45:00,139.53,139.76,139.53,139.76,5
915,2025-03-09 08:00:00,139.5,139.57,139.32,139.57,5
916,2025-03-09 08:15:00,139.62,139.62,139.2,139.21,5
917,2025-03-09 08:30:00,139.35,139.66,139.35,139.47,5
918,2025-03-09 08:45:00,139.44,139.44,138.98,138.98,5
919,2025-03-09 09:00:00,139.16,139.49,139.16,139.25,5
920,2025-03-09 09:15:00,139.49,139.49,138.78,139.0,5
921,2025-03-09 09:30:00,138.99,139.02,138.7,139.02,5
922,2025-03-09 09:45:00,139.04,139.2,138.58,138.68,5
923,2025-03-09 10:00:00,138.63,138.63,137.97,137.97,5
924,2025-03-09 10:15:00,138.01,138.1,137.68,137.68,5
925,2025-03-09 10:30:00,137.66,137.66,136.88,136.88,5
926,2025-03-09 10:45:00,136.65,136.65,136.32,136.32,5
927,2025-03-09 11:00:00,136.09,136.09,135.87,136.04,5
928,2025-03-09 11:15:00,136.21,136.62,136.21,136.27,5
929,2025-03-09 11:30:00,136.47,136.47,135.97,136.23,5
930,2025-03-09 11:45:00,136.26,136.26,135.85,135.88,5
931,2025-03-09 12:00:00,135.89,136.35,135.71,136.35,5
932,2025-03-09 12:15:00,136.22,136.22,134.86,135.15,5
933,2025-03-09 12:30:00,135.29,135.74,135.29,135.35,5
934,2025-03-09 12:45:00,135.19,135.89,135.19,135.66,5
935,2025-03-09 13:00:00,135.47,135.82,135.37,135.37,5
936,2025-03-09 13:15:00,135.18,135.35,134.54,134.54,5
937,2025-03-09 13:30:00,134.48,134.94,134.45,134.94,5
938,2025-03-09 13:45:00,134.96,134.96,134.14,134.14,5
939,2025-03-09 14:00:00,133.97,133.97,133.45,133.45,5
940,2025-03-09 14:15:00,133.28,133.33,132.94,133.12,5
941,2025-03-09 14:30:00,133.36,133.83,133.16,133.16,5
942,2025-03-09 14:45:00,133.22,133.69,132.71,132.71,5
943,2025-03-09 15:00:00,132.68,133.12,132.51,133.12,5
944,2025-03-09 15:15:00,133.17,133.17,132.59,132.89,5
945,2025-03-09 15:30:00,132.74,132.74,131.54,131.79,5
946,2025-03-09 15:45:00,131.74,131.76,130.79,130.79,5
947,2025-03-09 16:00:00,130.4,130.65,130.08,130.08,5
948,2025-03-09 16:15:00,130.27,131.04,129.79,131.04,5
949,2025-03-09 16:30:00,131.12,131.12,130.36,130.36,5
950,2025-03-09 16:45:00,130.07,130.07,128.81,129.2,5
951,2025-03-09 17:00:00,128.98,128.98,127.87,128.13,5
952,2025-03-09 17:15:00,127.99,128.16,127.41,128.01,5
953,2025-03-09 17:30:00,128.3,128.3,127.71,128.17,5
954,2025-03-09 17:45:00,127.86,128.33,127.37,127.37,5
955,2025-03-09 18:00:00,127.57,128.09,126.42,126.42,5
956,2025-03-09 18:15:00,126.31,127.82,126.31,127.11,5
957,2025-03-09 18:30:00,126.6,128.3,125.93,128.3,5
958,2025-03-09 18:45:00,128.07,128.07,126.66,126.76,5
959,2025-03-09 19:00:00,126.98,127.7,126.39,127.7,5
960,2025-03-09 19:15:00,128.19,128.19,127.58,128.06,5
961,2025-03-09 19:30:00,128.55,128.55,127.8,128.35,5
962,2025-03-09 19:45:00,128.91,129.32,128.91,129.31,5
963,2025-03-09 20:00:00,129.38,129.83,129.01,129.01,5
964,2025-03-09 20:15:00,128.84,130.03,128.84,130.03,5
965,2025-03-09 20:30:00,130.17,130.17,129.41,129.6,5
966,2025-03-09 20:45:00,129.73,129.73,129.11,129.21,5
967,2025-03-09 21:00:00,128.63,128.81,128.42,128.43,5
968,2025-03-09 21:15:00,128.44,128.44,127.81,127.88,5
969,2025-03-09 21:30:00,127.66,128.15,127.41,127.55,5
970,2025-03-09 21:45:00,127.49,128.11,127.49,128.11,5
971,2025-03-09 22:00:00,128.38,128.38,127.59,127.83,5
972,2025-03-09 22:15:00,127.86,127.86,127.03,127.12,5
973,2025-03-09 22:30:00,127.37,127.58,126.78,126.78,5
974,2025-03-09 22:45:00,126.68,127.25,126.68,127.1,5
975,2025-03-09 23:00:00,126.99,127.03,126.7,126.99,5
976,2025-03-09 23:15:00,127.08,127.29,125.89,127.13,5
977,2025-03-09 23:30:00,127.65,127.65,126.75,126.75,5
978,2025-03-09 23:45:00,127.0,127.0,125.94,125.94,5
979,2025-03-10 00:00:00,126.07,126.43,126.03,126.35,5
980,2025-03-10 00:15:00,126.5,127.35,126.5,126.66,5
981,2025-03-10 00:30:00,126.5,126.5,126.01,126.01,5
982,2025-03-10 00:45:00,125.63,126.96,124.38,126.96,5
983,2025-03-10 01:00:00,127.05,127.45,127.05,127.42,5
984,2025-03-10 01:15:00,127.68,128.15,127.25,127.25,5
985,2025-03-10 01:30:00,126.74,127.37,126.74,127.37,5
986,2025-03-10 01:45:00,127.48,127.5,127.06,127.5,5
987,2025-03-10 02:00:00,127.4,127.53,127.35,127.35,5
988,2025-03-10 02:15:00,127.5,127.65,126.95,127.65,5
989,2025-03-10 02:30:00,128.44,128.52,128.13,128.13,5
990,2025-03-10 02:45:00,128.14,128.88,128.08,128.08,5
991,2025-03-10 03:00:00,127.96,127.96,127.42,127.6,5
992,2025-03-10 03:15:00,127.5,127.5,126.83,126.83,5
993,2025-03-10 03:30:00,126.73,126.73,126.61,126.61,5
994,2025-03-10 03:45:00,126.72,127.05,126.57,127.05,5
995,2025-03-10 04:00:00,127.31,127.36,126.69,126.69,5
996,2025-03-10 04:15:00,126.66,127.57,126.66,127.57,5
997,2025-03-10 04:30:00,127.58,127.99,127.58,127.85,5
